City_name,area_code,All-available_cars,no_cars ,Perc_no_car,sum_all_in_area
Leeds,E00056750,141,35,24.8,158
Leeds,E00056751,110,14,12.7,162
Leeds,E00056752,200,31,15.5,249
Leeds,E00056753,141,66,46.8,84
Leeds,E00056754,131,28,21.4,141
Leeds,E00056755,150,28,18.7,179
Leeds,E00056756,126,36,28.6,128
Leeds,E00056757,120,14,11.7,174
Leeds,E00056758,131,13,9.9,192
Leeds,E00056759,104,5,4.8,162
Leeds,E00056760,115,20,17.4,146
Leeds,E00056761,119,14,11.8,153
Leeds,E00056762,184,12,6.5,280
Leeds,E00056763,138,11,8.0,208
Leeds,E00056764,139,5,3.6,251
Leeds,E00056765,156,17,10.9,219
Leeds,E00056766,153,58,37.9,126
Leeds,E00056767,119,14,11.8,165
Leeds,E00056768,123,28,22.8,124
Leeds,E00056769,120,42,35.0,102
Leeds,E00056770,126,20,15.9,173
Leeds,E00056771,131,30,22.9,151
Leeds,E00056772,151,12,7.9,225
Leeds,E00056773,123,14,11.4,182
Leeds,E00056774,98,2,2.0,140
Leeds,E00056775,119,15,12.6,159
Leeds,E00056776,141,55,39.0,119
Leeds,E00056777,123,26,21.1,137
Leeds,E00056778,42,0,0.0,84
Leeds,E00056779,138,16,11.6,205
Leeds,E00056780,76,2,2.6,124
Leeds,E00056781,129,15,11.6,172
Leeds,E00056782,134,25,18.7,180
Leeds,E00056783,117,19,16.2,145
Leeds,E00056784,116,31,26.7,129
Leeds,E00056786,150,46,30.7,128
Leeds,E00056787,90,24,26.7,100
Leeds,E00056788,109,40,36.7,87
Leeds,E00056789,164,72,43.9,123
Leeds,E00056790,183,27,14.8,232
Leeds,E00056792,127,37,29.1,133
Leeds,E00056793,122,11,9.0,207
Leeds,E00056794,112,5,4.5,216
Leeds,E00056795,138,57,41.3,112
Leeds,E00056796,117,46,39.3,107
Leeds,E00056797,112,21,18.8,145
Leeds,E00056798,108,13,12.0,131
Leeds,E00056799,118,32,27.1,118
Leeds,E00056800,100,27,27.0,110
Leeds,E00056801,108,19,17.6,133
Leeds,E00056802,122,2,1.6,231
Leeds,E00056803,115,16,13.9,150
Leeds,E00056804,114,11,9.6,176
Leeds,E00056805,132,34,25.8,147
Leeds,E00056806,115,42,36.5,115
Leeds,E00056807,108,9,8.3,162
Leeds,E00056808,97,3,3.1,168
Leeds,E00056809,138,45,32.6,130
Leeds,E00056810,108,23,21.3,139
Leeds,E00056811,127,6,4.7,229
Leeds,E00056812,147,47,32.0,148
Leeds,E00056813,114,4,3.5,210
Leeds,E00056814,116,31,26.7,122
Leeds,E00056815,132,11,8.3,189
Leeds,E00056816,148,53,35.8,143
Leeds,E00056817,138,14,10.1,204
Leeds,E00056818,98,11,11.2,121
Leeds,E00056819,139,76,54.7,74
Leeds,E00056820,113,18,15.9,143
Leeds,E00056821,96,14,14.6,127
Leeds,E00056822,148,11,7.4,250
Leeds,E00056823,136,29,21.3,184
Leeds,E00056825,109,17,15.6,160
Leeds,E00056827,93,31,33.3,91
Leeds,E00056828,94,14,14.9,128
Leeds,E00056829,108,22,20.4,138
Leeds,E00056830,124,54,43.5,92
Leeds,E00056831,108,15,13.9,136
Leeds,E00056832,123,21,17.1,165
Leeds,E00056833,95,8,8.4,139
Leeds,E00056834,169,12,7.1,260
Leeds,E00056835,136,15,11.0,199
Leeds,E00056836,121,19,15.7,158
Leeds,E00056837,99,7,7.1,140
Leeds,E00056838,118,15,12.7,165
Leeds,E00056839,158,68,43.0,114
Leeds,E00056840,148,89,60.1,74
Leeds,E00056841,124,22,17.7,136
Leeds,E00056842,125,16,12.8,161
Leeds,E00056843,142,19,13.4,180
Leeds,E00056845,117,52,44.4,92
Leeds,E00056846,167,105,62.9,89
Leeds,E00056847,159,77,48.4,100
Leeds,E00056848,112,68,60.7,60
Leeds,E00056849,132,85,64.4,59
Leeds,E00056850,116,59,50.9,74
Leeds,E00056851,133,51,38.3,125
Leeds,E00056852,197,78,39.6,153
Leeds,E00056853,128,47,36.7,114
Leeds,E00056854,111,34,30.6,97
Leeds,E00056855,106,47,44.3,69
Leeds,E00056856,110,43,39.1,94
Leeds,E00056858,104,23,22.1,97
Leeds,E00056859,100,61,61.0,49
Leeds,E00056861,121,30,24.8,133
Leeds,E00056862,194,48,24.7,189
Leeds,E00056863,121,38,31.4,118
Leeds,E00056864,132,25,18.9,159
Leeds,E00056865,131,33,25.2,146
Leeds,E00056866,122,18,14.8,147
Leeds,E00056867,118,22,18.6,149
Leeds,E00056868,133,28,21.1,152
Leeds,E00056869,133,28,21.1,157
Leeds,E00056871,103,52,50.5,65
Leeds,E00056873,122,16,13.1,161
Leeds,E00056874,220,109,49.5,133
Leeds,E00056875,117,62,53.0,64
Leeds,E00056876,237,149,62.9,99
Leeds,E00056877,112,37,33.0,117
Leeds,E00056878,121,26,21.5,140
Leeds,E00056879,123,48,39.0,96
Leeds,E00056880,120,46,38.3,101
Leeds,E00056881,109,74,67.9,37
Leeds,E00056882,150,53,35.3,116
Leeds,E00056883,175,129,73.7,52
Leeds,E00056884,142,45,31.7,132
Leeds,E00056885,108,57,52.8,63
Leeds,E00056886,101,78,77.2,25
Leeds,E00056887,157,12,7.6,241
Leeds,E00056888,119,70,58.8,65
Leeds,E00056889,144,81,56.2,84
Leeds,E00056890,123,20,16.3,153
Leeds,E00056891,102,55,53.9,54
Leeds,E00056892,111,62,55.9,59
Leeds,E00056893,149,76,51.0,89
Leeds,E00056894,157,72,45.9,130
Leeds,E00056895,116,66,56.9,58
Leeds,E00056897,99,44,44.4,64
Leeds,E00056898,123,54,43.9,84
Leeds,E00056899,143,78,54.5,77
Leeds,E00056900,106,70,66.0,49
Leeds,E00056901,132,92,69.7,50
Leeds,E00056902,129,92,71.3,38
Leeds,E00056903,179,89,49.7,134
Leeds,E00056904,97,19,19.6,117
Leeds,E00056905,128,43,33.6,113
Leeds,E00056906,154,95,61.7,84
Leeds,E00056907,126,77,61.1,65
Leeds,E00056908,101,51,50.5,62
Leeds,E00056909,163,27,16.6,185
Leeds,E00056910,107,60,56.1,57
Leeds,E00056911,107,56,52.3,61
Leeds,E00056912,132,35,26.5,136
Leeds,E00056913,135,18,13.3,192
Leeds,E00056914,131,27,20.6,138
Leeds,E00056915,123,8,6.5,189
Leeds,E00056916,98,65,66.3,50
Leeds,E00056917,125,13,10.4,164
Leeds,E00056918,136,7,5.1,214
Leeds,E00056919,120,15,12.5,156
Leeds,E00056920,144,19,13.2,192
Leeds,E00056921,135,9,6.7,225
Leeds,E00056922,124,22,17.7,170
Leeds,E00056923,127,17,13.4,175
Leeds,E00056924,128,28,21.9,153
Leeds,E00056925,123,33,26.8,120
Leeds,E00056926,118,56,47.5,74
Leeds,E00056927,162,19,11.7,229
Leeds,E00056928,122,16,13.1,163
Leeds,E00056929,135,12,8.9,195
Leeds,E00056930,123,54,43.9,88
Leeds,E00056931,122,6,4.9,194
Leeds,E00056932,121,9,7.4,182
Leeds,E00056933,125,21,16.8,157
Leeds,E00056934,112,22,19.6,130
Leeds,E00056935,101,27,26.7,106
Leeds,E00056936,119,26,21.8,148
Leeds,E00056937,82,52,63.4,37
Leeds,E00056938,126,33,26.2,140
Leeds,E00056939,143,15,10.5,191
Leeds,E00056940,125,21,16.8,160
Leeds,E00056941,156,28,17.9,202
Leeds,E00056942,136,8,5.9,218
Leeds,E00056943,133,12,9.0,208
Leeds,E00056944,121,15,12.4,161
Leeds,E00056945,112,25,22.3,117
Leeds,E00056946,147,19,12.9,215
Leeds,E00056947,133,12,9.0,215
Leeds,E00056948,129,9,7.0,228
Leeds,E00056949,95,22,23.2,110
Leeds,E00056950,125,17,13.6,175
Leeds,E00056951,129,9,7.0,189
Leeds,E00056952,128,6,4.7,205
Leeds,E00056953,125,20,16.0,160
Leeds,E00056954,123,9,7.3,201
Leeds,E00056955,126,9,7.1,219
Leeds,E00056956,125,27,21.6,143
Leeds,E00056957,122,15,12.3,168
Leeds,E00056958,142,30,21.1,174
Leeds,E00056959,78,6,7.7,135
Leeds,E00056960,175,20,11.4,285
Leeds,E00056961,135,11,8.1,233
Leeds,E00056962,145,11,7.6,214
Leeds,E00056963,181,29,16.0,220
Leeds,E00056964,132,18,13.6,158
Leeds,E00056965,138,36,26.1,149
Leeds,E00056966,140,48,34.3,137
Leeds,E00056967,84,25,29.8,76
Leeds,E00056968,147,1,0.7,337
Leeds,E00056969,102,5,4.9,174
Leeds,E00056970,126,5,4.0,247
Leeds,E00056971,97,6,6.2,153
Leeds,E00056972,61,1,1.6,110
Leeds,E00056973,67,1,1.5,136
Leeds,E00056974,144,33,22.9,206
Leeds,E00056975,156,24,15.4,226
Leeds,E00056976,175,4,2.3,292
Leeds,E00056977,88,3,3.4,199
Leeds,E00056978,144,14,9.7,211
Leeds,E00056979,134,24,17.9,170
Leeds,E00056981,128,29,22.7,158
Leeds,E00056982,134,28,20.9,152
Leeds,E00056983,127,15,11.8,170
Leeds,E00056984,138,75,54.3,92
Leeds,E00056985,117,9,7.7,168
Leeds,E00056986,122,38,31.1,123
Leeds,E00056987,128,22,17.2,166
Leeds,E00056988,131,56,42.7,101
Leeds,E00056989,126,30,23.8,148
Leeds,E00056990,114,24,21.1,124
Leeds,E00056991,148,22,14.9,192
Leeds,E00056992,135,81,60.0,68
Leeds,E00056993,134,54,40.3,108
Leeds,E00056994,123,33,26.8,127
Leeds,E00056995,124,58,46.8,93
Leeds,E00056997,128,78,60.9,57
Leeds,E00056998,190,128,67.4,80
Leeds,E00056999,123,39,31.7,114
Leeds,E00057000,107,56,52.3,57
Leeds,E00057001,145,55,37.9,119
Leeds,E00057002,109,36,33.0,96
Leeds,E00057003,131,29,22.1,137
Leeds,E00057004,90,28,31.1,86
Leeds,E00057005,113,85,75.2,34
Leeds,E00057006,116,25,21.6,128
Leeds,E00057007,130,41,31.5,126
Leeds,E00057008,98,19,19.4,117
Leeds,E00057009,143,77,53.8,84
Leeds,E00057010,98,14,14.3,124
Leeds,E00057011,188,46,24.5,194
Leeds,E00057012,141,86,61.0,65
Leeds,E00057013,74,46,62.2,32
Leeds,E00057014,139,91,65.5,60
Leeds,E00057015,138,109,79.0,31
Leeds,E00057016,140,65,46.4,92
Leeds,E00057017,125,42,33.6,123
Leeds,E00057018,111,51,45.9,77
Leeds,E00057019,147,60,40.8,114
Leeds,E00057020,146,114,78.1,37
Leeds,E00057021,124,41,33.1,107
Leeds,E00057022,125,58,46.4,98
Leeds,E00057023,141,92,65.2,58
Leeds,E00057024,153,77,50.3,103
Leeds,E00057025,120,31,25.8,109
Leeds,E00057026,125,26,20.8,147
Leeds,E00057027,155,78,50.3,96
Leeds,E00057028,125,51,40.8,97
Leeds,E00057029,153,100,65.4,61
Leeds,E00057030,157,116,73.9,48
Leeds,E00057031,120,44,36.7,101
Leeds,E00057032,147,93,63.3,72
Leeds,E00057033,147,116,78.9,33
Leeds,E00057034,201,85,42.3,154
Leeds,E00057035,129,41,31.8,114
Leeds,E00057036,137,55,40.1,107
Leeds,E00057037,133,72,54.1,80
Leeds,E00057038,138,75,54.3,79
Leeds,E00057039,130,82,63.1,63
Leeds,E00057040,115,30,26.1,115
Leeds,E00057041,113,35,31.0,116
Leeds,E00057042,114,53,46.5,78
Leeds,E00057043,127,78,61.4,58
Leeds,E00057044,118,34,28.8,122
Leeds,E00057045,124,48,38.7,88
Leeds,E00057046,117,30,25.6,111
Leeds,E00057047,111,36,32.4,95
Leeds,E00057048,136,61,44.9,96
Leeds,E00057049,131,65,49.6,87
Leeds,E00057050,132,41,31.1,108
Leeds,E00057051,215,48,22.3,233
Leeds,E00057052,144,59,41.0,110
Leeds,E00057053,97,57,58.8,50
Leeds,E00057054,117,10,8.5,170
Leeds,E00057055,126,45,35.7,118
Leeds,E00057056,119,53,44.5,81
Leeds,E00057057,111,15,13.5,141
Leeds,E00057058,118,35,29.7,124
Leeds,E00057059,90,29,32.2,80
Leeds,E00057060,105,16,15.2,146
Leeds,E00057062,128,33,25.8,127
Leeds,E00057063,112,27,24.1,128
Leeds,E00057064,100,60,60.0,57
Leeds,E00057065,111,24,21.6,104
Leeds,E00057066,184,110,59.8,89
Leeds,E00057067,203,67,33.0,192
Leeds,E00057068,117,55,47.0,72
Leeds,E00057069,124,40,32.3,111
Leeds,E00057070,98,26,26.5,100
Leeds,E00057071,112,46,41.1,81
Leeds,E00057072,89,30,33.7,89
Leeds,E00057073,128,14,10.9,176
Leeds,E00057074,115,49,42.6,87
Leeds,E00057075,139,10,7.2,207
Leeds,E00057076,97,61,62.9,48
Leeds,E00057077,120,26,21.7,131
Leeds,E00057078,108,30,27.8,100
Leeds,E00057079,117,47,40.2,89
Leeds,E00057080,112,53,47.3,76
Leeds,E00057081,107,44,41.1,75
Leeds,E00057082,102,51,50.0,65
Leeds,E00057083,115,61,53.0,73
Leeds,E00057084,123,18,14.6,136
Leeds,E00057085,122,81,66.4,50
Leeds,E00057086,100,22,22.0,116
Leeds,E00057087,126,26,20.6,143
Leeds,E00057088,119,64,53.8,68
Leeds,E00057089,121,55,45.5,81
Leeds,E00057090,125,46,36.8,98
Leeds,E00057091,149,44,29.5,150
Leeds,E00057092,122,54,44.3,89
Leeds,E00057093,132,65,49.2,90
Leeds,E00057094,112,16,14.3,140
Leeds,E00057095,105,53,50.5,75
Leeds,E00057096,116,59,50.9,76
Leeds,E00057097,107,39,36.4,94
Leeds,E00057098,109,48,44.0,86
Leeds,E00057099,128,42,32.8,113
Leeds,E00057100,110,33,30.0,113
Leeds,E00057101,113,13,11.5,163
Leeds,E00057102,103,36,35.0,81
Leeds,E00057103,83,13,15.7,107
Leeds,E00057104,140,78,55.7,70
Leeds,E00057105,98,30,30.6,87
Leeds,E00057106,118,68,57.6,62
Leeds,E00057107,118,40,33.9,110
Leeds,E00057108,107,21,19.6,126
Leeds,E00057109,105,38,36.2,88
Leeds,E00057110,158,73,46.2,116
Leeds,E00057111,128,32,25.0,142
Leeds,E00057112,116,59,50.9,72
Leeds,E00057113,111,27,24.3,115
Leeds,E00057114,125,40,32.0,115
Leeds,E00057115,105,57,54.3,63
Leeds,E00057116,130,16,12.3,179
Leeds,E00057117,112,35,31.2,106
Leeds,E00057118,121,29,24.0,136
Leeds,E00057119,112,40,35.7,108
Leeds,E00057120,116,78,67.2,41
Leeds,E00057121,108,46,42.6,81
Leeds,E00057122,143,66,46.2,91
Leeds,E00057123,118,24,20.3,136
Leeds,E00057124,149,103,69.1,54
Leeds,E00057125,122,66,54.1,70
Leeds,E00057126,125,75,60.0,61
Leeds,E00057127,128,78,60.9,53
Leeds,E00057128,114,19,16.7,140
Leeds,E00057129,103,54,52.4,64
Leeds,E00057130,140,82,58.6,65
Leeds,E00057131,129,73,56.6,64
Leeds,E00057132,119,42,35.3,95
Leeds,E00057133,135,84,62.2,65
Leeds,E00057134,129,62,48.1,79
Leeds,E00057135,133,59,44.4,111
Leeds,E00057136,133,34,25.6,137
Leeds,E00057137,120,82,68.3,49
Leeds,E00057138,141,106,75.2,40
Leeds,E00057139,129,36,27.9,139
Leeds,E00057140,139,97,69.8,48
Leeds,E00057141,128,79,61.7,54
Leeds,E00057142,74,35,47.3,49
Leeds,E00057144,98,47,48.0,66
Leeds,E00057145,168,98,58.3,96
Leeds,E00057146,129,87,67.4,45
Leeds,E00057147,124,64,51.6,69
Leeds,E00057148,133,76,57.1,73
Leeds,E00057149,129,88,68.2,50
Leeds,E00057150,112,79,70.5,37
Leeds,E00057151,148,67,45.3,92
Leeds,E00057152,73,28,38.4,55
Leeds,E00057153,164,78,47.6,113
Leeds,E00057154,126,79,62.7,55
Leeds,E00057155,137,89,65.0,54
Leeds,E00057156,130,67,51.5,85
Leeds,E00057157,137,80,58.4,66
Leeds,E00057158,132,71,53.8,75
Leeds,E00057159,107,72,67.3,45
Leeds,E00057160,122,34,27.9,121
Leeds,E00057161,130,79,60.8,66
Leeds,E00057162,115,50,43.5,80
Leeds,E00057163,127,77,60.6,65
Leeds,E00057164,138,90,65.2,59
Leeds,E00057165,111,81,73.0,31
Leeds,E00057166,135,65,48.1,85
Leeds,E00057167,132,82,62.1,61
Leeds,E00057169,183,154,84.2,31
Leeds,E00057170,205,99,48.3,141
Leeds,E00057171,167,85,50.9,113
Leeds,E00057172,155,69,44.5,110
Leeds,E00057173,158,112,70.9,53
Leeds,E00057175,202,148,73.3,59
Leeds,E00057176,93,60,64.5,38
Leeds,E00057177,183,144,78.7,40
Leeds,E00057178,151,91,60.3,75
Leeds,E00057179,224,48,21.4,244
Leeds,E00057180,90,50,55.6,47
Leeds,E00057181,139,85,61.2,58
Leeds,E00057182,136,103,75.7,40
Leeds,E00057183,112,74,66.1,47
Leeds,E00057184,80,13,16.2,102
Leeds,E00057185,102,61,59.8,51
Leeds,E00057186,130,70,53.8,76
Leeds,E00057187,153,26,17.0,180
Leeds,E00057188,125,77,61.6,54
Leeds,E00057189,157,122,77.7,37
Leeds,E00057190,124,78,62.9,59
Leeds,E00057191,115,30,26.1,106
Leeds,E00057192,133,21,15.8,149
Leeds,E00057193,94,11,11.7,129
Leeds,E00057194,113,43,38.1,86
Leeds,E00057195,137,43,31.4,133
Leeds,E00057196,100,33,33.0,83
Leeds,E00057197,116,21,18.1,132
Leeds,E00057198,160,23,14.4,212
Leeds,E00057199,136,77,56.6,70
Leeds,E00057200,162,96,59.3,80
Leeds,E00057202,150,89,59.3,76
Leeds,E00057204,213,144,67.6,81
Leeds,E00057205,154,35,22.7,175
Leeds,E00057206,124,71,57.3,65
Leeds,E00057207,132,33,25.0,117
Leeds,E00057208,177,67,37.9,167
Leeds,E00057209,117,33,28.2,127
Leeds,E00057210,183,44,24.0,203
Leeds,E00057211,153,81,52.9,92
Leeds,E00057212,142,66,46.5,110
Leeds,E00057213,174,70,40.2,139
Leeds,E00057214,113,41,36.3,95
Leeds,E00057215,122,52,42.6,104
Leeds,E00057216,150,88,58.7,81
Leeds,E00057217,149,79,53.0,94
Leeds,E00057218,143,93,65.0,66
Leeds,E00057220,192,111,57.8,95
Leeds,E00057221,169,88,52.1,98
Leeds,E00057222,222,169,76.1,61
Leeds,E00057223,176,118,67.0,65
Leeds,E00057225,165,83,50.3,108
Leeds,E00057226,154,98,63.6,63
Leeds,E00057227,171,42,24.6,208
Leeds,E00057228,175,16,9.1,229
Leeds,E00057229,129,29,22.5,139
Leeds,E00057230,146,41,28.1,148
Leeds,E00057231,172,18,10.5,233
Leeds,E00057232,198,47,23.7,220
Leeds,E00057233,124,50,40.3,109
Leeds,E00057234,124,48,38.7,129
Leeds,E00057235,140,23,16.4,170
Leeds,E00057236,129,23,17.8,156
Leeds,E00057238,171,36,21.1,214
Leeds,E00057239,121,23,19.0,144
Leeds,E00057240,115,67,58.3,68
Leeds,E00057241,137,93,67.9,49
Leeds,E00057242,102,46,45.1,75
Leeds,E00057244,220,30,13.6,298
Leeds,E00057245,144,67,46.5,89
Leeds,E00057246,128,99,77.3,34
Leeds,E00057247,134,41,30.6,136
Leeds,E00057248,132,64,48.5,79
Leeds,E00057249,118,12,10.2,157
Leeds,E00057250,115,54,47.0,80
Leeds,E00057251,134,17,12.7,164
Leeds,E00057252,145,43,29.7,150
Leeds,E00057253,149,46,30.9,138
Leeds,E00057254,169,103,60.9,80
Leeds,E00057255,173,94,54.3,102
Leeds,E00057256,105,72,68.6,36
Leeds,E00057257,104,69,66.3,36
Leeds,E00057258,120,59,49.2,70
Leeds,E00057259,73,44,60.3,37
Leeds,E00057261,111,64,57.7,56
Leeds,E00057262,156,54,34.6,140
Leeds,E00057264,150,108,72.0,57
Leeds,E00057265,164,76,46.3,102
Leeds,E00057266,126,66,52.4,76
Leeds,E00057267,149,77,51.7,99
Leeds,E00057268,81,40,49.4,54
Leeds,E00057269,71,41,57.7,35
Leeds,E00057270,129,84,65.1,50
Leeds,E00057271,93,57,61.3,42
Leeds,E00057272,125,79,63.2,52
Leeds,E00057273,131,85,64.9,67
Leeds,E00057274,134,84,62.7,55
Leeds,E00057275,89,56,62.9,45
Leeds,E00057276,143,68,47.6,92
Leeds,E00057277,103,61,59.2,47
Leeds,E00057278,106,63,59.4,52
Leeds,E00057280,82,46,56.1,48
Leeds,E00057281,134,63,47.0,82
Leeds,E00057282,115,63,54.8,60
Leeds,E00057283,92,56,60.9,42
Leeds,E00057284,111,52,46.8,80
Leeds,E00057285,166,96,57.8,89
Leeds,E00057286,86,20,23.3,90
Leeds,E00057287,154,77,50.0,116
Leeds,E00057288,100,26,26.0,101
Leeds,E00057289,118,31,26.3,124
Leeds,E00057290,139,92,66.2,59
Leeds,E00057291,108,69,63.9,48
Leeds,E00057292,102,61,59.8,48
Leeds,E00057293,133,102,76.7,36
Leeds,E00057294,96,54,56.2,50
Leeds,E00057295,140,94,67.1,57
Leeds,E00057296,144,102,70.8,56
Leeds,E00057297,51,26,51.0,36
Leeds,E00057298,122,77,63.1,51
Leeds,E00057300,188,152,80.9,43
Leeds,E00057303,103,52,50.5,65
Leeds,E00057304,122,60,49.2,85
Leeds,E00057305,101,71,70.3,33
Leeds,E00057307,79,37,46.8,52
Leeds,E00057309,163,109,66.9,66
Leeds,E00057310,136,85,62.5,66
Leeds,E00057311,71,57,80.3,20
Leeds,E00057312,149,120,80.5,31
Leeds,E00057313,194,149,76.8,47
Leeds,E00057315,115,50,43.5,85
Leeds,E00057316,139,40,28.8,116
Leeds,E00057321,235,123,52.3,140
Leeds,E00057322,132,90,68.2,48
Leeds,E00057323,157,118,75.2,41
Leeds,E00057325,151,117,77.5,40
Leeds,E00057326,76,44,57.9,38
Leeds,E00057327,81,62,76.5,21
Leeds,E00057328,147,92,62.6,61
Leeds,E00057329,131,95,72.5,41
Leeds,E00057330,114,74,64.9,47
Leeds,E00057331,87,49,56.3,42
Leeds,E00057332,94,67,71.3,35
Leeds,E00057333,149,80,53.7,79
Leeds,E00057334,116,9,7.8,191
Leeds,E00057335,126,11,8.7,201
Leeds,E00057336,130,15,11.5,178
Leeds,E00057337,128,12,9.4,192
Leeds,E00057338,127,59,46.5,92
Leeds,E00057339,141,20,14.2,171
Leeds,E00057340,124,34,27.4,128
Leeds,E00057341,132,10,7.6,191
Leeds,E00057342,119,12,10.1,173
Leeds,E00057343,150,13,8.7,201
Leeds,E00057344,126,25,19.8,143
Leeds,E00057345,119,55,46.2,85
Leeds,E00057346,135,57,42.2,106
Leeds,E00057347,103,38,36.9,81
Leeds,E00057348,117,25,21.4,111
Leeds,E00057349,148,22,14.9,206
Leeds,E00057350,97,9,9.3,160
Leeds,E00057351,98,49,50.0,65
Leeds,E00057352,137,16,11.7,203
Leeds,E00057353,119,5,4.2,193
Leeds,E00057354,110,9,8.2,180
Leeds,E00057355,116,16,13.8,159
Leeds,E00057356,111,56,50.5,72
Leeds,E00057357,136,63,46.3,99
Leeds,E00057358,91,8,8.8,137
Leeds,E00057359,98,12,12.2,146
Leeds,E00057360,149,9,6.0,243
Leeds,E00057361,118,4,3.4,196
Leeds,E00057362,86,7,8.1,130
Leeds,E00057363,140,85,60.7,70
Leeds,E00057364,122,68,55.7,62
Leeds,E00057365,100,17,17.0,126
Leeds,E00057366,127,35,27.6,119
Leeds,E00057367,112,18,16.1,153
Leeds,E00057368,117,55,47.0,82
Leeds,E00057369,114,32,28.1,106
Leeds,E00057370,145,52,35.9,116
Leeds,E00057371,118,26,22.0,127
Leeds,E00057372,128,10,7.8,199
Leeds,E00057374,133,28,21.1,166
Leeds,E00057375,140,17,12.1,201
Leeds,E00057376,129,21,16.3,169
Leeds,E00057377,132,42,31.8,123
Leeds,E00057378,126,14,11.1,194
Leeds,E00057379,141,10,7.1,213
Leeds,E00057380,119,6,5.0,203
Leeds,E00057382,127,18,14.2,195
Leeds,E00057383,116,29,25.0,115
Leeds,E00057384,128,16,12.5,177
Leeds,E00057385,135,68,50.4,94
Leeds,E00057386,119,13,10.9,165
Leeds,E00057387,111,36,32.4,93
Leeds,E00057388,124,36,29.0,111
Leeds,E00057389,124,40,32.3,109
Leeds,E00057390,138,19,13.8,181
Leeds,E00057391,122,42,34.4,124
Leeds,E00057392,117,29,24.8,134
Leeds,E00057393,135,36,26.7,148
Leeds,E00057394,136,52,38.2,102
Leeds,E00057395,125,20,16.0,162
Leeds,E00057396,134,6,4.5,199
Leeds,E00057397,125,27,21.6,157
Leeds,E00057398,120,32,26.7,127
Leeds,E00057399,152,5,3.3,256
Leeds,E00057400,145,13,9.0,247
Leeds,E00057401,151,16,10.6,227
Leeds,E00057402,94,39,41.5,70
Leeds,E00057403,109,13,11.9,164
Leeds,E00057404,114,45,39.5,93
Leeds,E00057405,127,25,19.7,147
Leeds,E00057406,142,6,4.2,254
Leeds,E00057407,106,40,37.7,91
Leeds,E00057408,126,4,3.2,197
Leeds,E00057409,140,18,12.9,196
Leeds,E00057410,125,12,9.6,178
Leeds,E00057411,135,14,10.4,200
Leeds,E00057412,119,20,16.8,150
Leeds,E00057413,137,29,21.2,146
Leeds,E00057414,129,13,10.1,203
Leeds,E00057415,117,44,37.6,110
Leeds,E00057416,124,14,11.3,178
Leeds,E00057417,128,8,6.2,196
Leeds,E00057418,137,13,9.5,227
Leeds,E00057419,117,18,15.4,161
Leeds,E00057420,135,13,9.6,198
Leeds,E00057421,124,20,16.1,190
Leeds,E00057422,121,5,4.1,220
Leeds,E00057423,130,12,9.2,210
Leeds,E00057424,120,18,15.0,168
Leeds,E00057425,127,22,17.3,171
Leeds,E00057426,148,47,31.8,158
Leeds,E00057427,104,19,18.3,134
Leeds,E00057428,98,16,16.3,152
Leeds,E00057429,93,19,20.4,123
Leeds,E00057430,120,11,9.2,178
Leeds,E00057431,169,38,22.5,211
Leeds,E00057432,118,18,15.3,163
Leeds,E00057433,110,11,10.0,158
Leeds,E00057434,123,31,25.2,133
Leeds,E00057435,122,54,44.3,95
Leeds,E00057436,100,35,35.0,91
Leeds,E00057437,119,24,20.2,137
Leeds,E00057438,119,7,5.9,174
Leeds,E00057439,143,70,49.0,92
Leeds,E00057440,106,24,22.6,117
Leeds,E00057441,137,19,13.9,184
Leeds,E00057442,115,26,22.6,122
Leeds,E00057443,110,23,20.9,120
Leeds,E00057444,124,27,21.8,131
Leeds,E00057445,114,10,8.8,170
Leeds,E00057446,123,4,3.3,175
Leeds,E00057447,117,28,23.9,142
Leeds,E00057448,143,26,18.2,156
Leeds,E00057449,126,40,31.7,130
Leeds,E00057450,131,29,22.1,154
Leeds,E00057451,112,8,7.1,171
Leeds,E00057452,95,7,7.4,145
Leeds,E00057453,122,38,31.1,144
Leeds,E00057454,123,41,33.3,123
Leeds,E00057455,124,33,26.6,143
Leeds,E00057456,107,23,21.5,114
Leeds,E00057457,111,37,33.3,93
Leeds,E00057458,105,5,4.8,151
Leeds,E00057459,138,29,21.0,159
Leeds,E00057460,178,33,18.5,209
Leeds,E00057461,115,27,23.5,139
Leeds,E00057462,121,17,14.0,158
Leeds,E00057463,118,14,11.9,162
Leeds,E00057464,119,22,18.5,145
Leeds,E00057465,132,10,7.6,193
Leeds,E00057466,82,31,37.8,64
Leeds,E00057467,124,31,25.0,156
Leeds,E00057468,216,20,9.3,337
Leeds,E00057469,126,30,23.8,152
Leeds,E00057470,127,30,23.6,160
Leeds,E00057471,107,32,29.9,109
Leeds,E00057472,129,47,36.4,112
Leeds,E00057473,158,9,5.7,250
Leeds,E00057474,118,26,22.0,149
Leeds,E00057475,131,18,13.7,185
Leeds,E00057476,116,8,6.9,179
Leeds,E00057477,125,48,38.4,125
Leeds,E00057478,121,38,31.4,120
Leeds,E00057479,109,41,37.6,79
Leeds,E00057480,120,23,19.2,152
Leeds,E00057481,136,53,39.0,117
Leeds,E00057482,114,28,24.6,117
Leeds,E00057483,126,23,18.3,145
Leeds,E00057484,120,43,35.8,110
Leeds,E00057485,132,18,13.6,198
Leeds,E00057486,122,19,15.6,158
Leeds,E00057487,129,12,9.3,185
Leeds,E00057488,106,52,49.1,76
Leeds,E00057489,111,23,20.7,125
Leeds,E00057490,135,29,21.5,165
Leeds,E00057491,128,29,22.7,156
Leeds,E00057492,129,37,28.7,137
Leeds,E00057493,141,51,36.2,129
Leeds,E00057494,122,27,22.1,142
Leeds,E00057495,133,19,14.3,176
Leeds,E00057496,139,39,28.1,147
Leeds,E00057497,129,33,25.6,137
Leeds,E00057498,149,28,18.8,191
Leeds,E00057499,122,10,8.2,205
Leeds,E00057500,110,25,22.7,121
Leeds,E00057501,162,42,25.9,174
Leeds,E00057502,124,16,12.9,175
Leeds,E00057503,168,44,26.2,174
Leeds,E00057504,149,27,18.1,185
Leeds,E00057505,123,23,18.7,161
Leeds,E00057506,122,21,17.2,155
Leeds,E00057507,115,27,23.5,133
Leeds,E00057508,107,20,18.7,134
Leeds,E00057509,129,29,22.5,154
Leeds,E00057510,112,25,22.3,122
Leeds,E00057511,113,24,21.2,142
Leeds,E00057512,115,16,13.9,154
Leeds,E00057513,124,23,18.5,128
Leeds,E00057514,108,38,35.2,104
Leeds,E00057515,118,53,44.9,95
Leeds,E00057516,100,24,24.0,107
Leeds,E00057517,124,40,32.3,100
Leeds,E00057518,121,23,19.0,142
Leeds,E00057519,133,56,42.1,98
Leeds,E00057520,115,19,16.5,150
Leeds,E00057521,107,15,14.0,141
Leeds,E00057522,111,17,15.3,159
Leeds,E00057523,124,36,29.0,105
Leeds,E00057524,122,22,18.0,152
Leeds,E00057525,127,36,28.3,115
Leeds,E00057526,146,14,9.6,188
Leeds,E00057527,129,42,32.6,131
Leeds,E00057528,118,11,9.3,171
Leeds,E00057529,128,18,14.1,174
Leeds,E00057530,125,22,17.6,163
Leeds,E00057531,138,29,21.0,153
Leeds,E00057532,102,49,48.0,64
Leeds,E00057533,129,20,15.5,161
Leeds,E00057534,135,41,30.4,133
Leeds,E00057535,121,10,8.3,190
Leeds,E00057536,127,52,40.9,100
Leeds,E00057537,109,9,8.3,162
Leeds,E00057538,158,47,29.7,166
Leeds,E00057539,108,23,21.3,128
Leeds,E00057540,117,21,17.9,144
Leeds,E00057541,122,18,14.8,158
Leeds,E00057542,131,20,15.3,150
Leeds,E00057543,145,15,10.3,201
Leeds,E00057544,127,15,11.8,183
Leeds,E00057545,115,33,28.7,102
Leeds,E00057546,113,29,25.7,109
Leeds,E00057547,122,27,22.1,135
Leeds,E00057548,114,19,16.7,149
Leeds,E00057549,121,23,19.0,134
Leeds,E00057550,140,16,11.4,177
Leeds,E00057551,121,10,8.3,179
Leeds,E00057552,124,7,5.6,193
Leeds,E00057553,125,22,17.6,147
Leeds,E00057554,131,14,10.7,202
Leeds,E00057555,118,26,22.0,130
Leeds,E00057556,110,25,22.7,136
Leeds,E00057557,123,6,4.9,183
Leeds,E00057558,129,27,20.9,141
Leeds,E00057559,153,20,13.1,197
Leeds,E00057560,130,7,5.4,218
Leeds,E00057561,130,37,28.5,127
Leeds,E00057562,136,30,22.1,142
Leeds,E00057563,108,16,14.8,125
Leeds,E00057564,131,53,40.5,105
Leeds,E00057565,91,33,36.3,70
Leeds,E00057566,125,22,17.6,160
Leeds,E00057567,122,47,38.5,104
Leeds,E00057568,124,48,38.7,108
Leeds,E00057570,134,51,38.1,117
Leeds,E00057571,124,74,59.7,59
Leeds,E00057573,124,85,68.5,44
Leeds,E00057574,128,81,63.3,55
Leeds,E00057575,113,61,54.0,58
Leeds,E00057576,107,68,63.6,47
Leeds,E00057577,143,72,50.3,99
Leeds,E00057578,130,51,39.2,125
Leeds,E00057579,116,30,25.9,122
Leeds,E00057580,129,24,18.6,157
Leeds,E00057581,130,74,56.9,69
Leeds,E00057582,110,46,41.8,91
Leeds,E00057583,102,39,38.2,83
Leeds,E00057584,128,51,39.8,100
Leeds,E00057585,108,53,49.1,62
Leeds,E00057586,96,58,60.4,54
Leeds,E00057587,111,70,63.1,50
Leeds,E00057589,165,92,55.8,93
Leeds,E00057590,99,57,57.6,58
Leeds,E00057591,120,63,52.5,74
Leeds,E00057592,155,86,55.5,85
Leeds,E00057593,121,67,55.4,61
Leeds,E00057594,116,54,46.6,84
Leeds,E00057595,127,67,52.8,64
Leeds,E00057596,103,60,58.3,60
Leeds,E00057597,198,128,64.6,76
Leeds,E00057598,190,124,65.3,81
Leeds,E00057599,95,48,50.5,58
Leeds,E00057600,115,61,53.0,62
Leeds,E00057601,131,77,58.8,73
Leeds,E00057602,104,41,39.4,81
Leeds,E00057603,122,76,62.3,52
Leeds,E00057604,114,70,61.4,56
Leeds,E00057605,114,77,67.5,47
Leeds,E00057606,124,82,66.1,50
Leeds,E00057607,159,96,60.4,67
Leeds,E00057608,103,45,43.7,81
Leeds,E00057609,96,53,55.2,54
Leeds,E00057610,121,73,60.3,64
Leeds,E00057611,114,83,72.8,33
Leeds,E00057612,136,82,60.3,65
Leeds,E00057613,123,73,59.3,59
Leeds,E00057614,154,107,69.5,54
Leeds,E00057615,147,91,61.9,70
Leeds,E00057616,144,86,59.7,67
Leeds,E00057617,117,62,53.0,60
Leeds,E00057618,118,82,69.5,41
Leeds,E00057619,145,71,49.0,99
Leeds,E00057620,135,27,20.0,151
Leeds,E00057621,149,43,28.9,143
Leeds,E00057622,105,17,16.2,140
Leeds,E00057623,115,37,32.2,107
Leeds,E00057624,105,32,30.5,108
Leeds,E00057625,136,22,16.2,155
Leeds,E00057626,123,47,38.2,108
Leeds,E00057627,107,39,36.4,97
Leeds,E00057628,131,70,53.4,93
Leeds,E00057629,119,74,62.2,59
Leeds,E00057630,111,59,53.2,76
Leeds,E00057631,91,52,57.1,53
Leeds,E00057632,108,70,64.8,63
Leeds,E00057633,94,52,55.3,54
Leeds,E00057634,141,26,18.4,173
Leeds,E00057635,80,21,26.2,111
Leeds,E00057637,121,51,42.1,128
Leeds,E00057638,104,47,45.2,113
Leeds,E00057639,167,58,34.7,173
Leeds,E00057641,138,79,57.2,73
Leeds,E00057642,188,99,52.7,119
Leeds,E00057643,133,39,29.3,141
Leeds,E00057645,145,69,47.6,138
Leeds,E00057646,105,53,50.5,75
Leeds,E00057647,96,54,56.2,68
Leeds,E00057648,142,63,44.4,141
Leeds,E00057649,117,43,36.8,131
Leeds,E00057650,148,65,43.9,146
Leeds,E00057651,98,40,40.8,108
Leeds,E00057652,80,25,31.2,114
Leeds,E00057653,97,36,37.1,95
Leeds,E00057654,123,38,30.9,151
Leeds,E00057655,113,28,24.8,139
Leeds,E00057656,49,30,61.2,30
Leeds,E00057657,106,48,45.3,110
Leeds,E00057658,110,41,37.3,111
Leeds,E00057659,105,48,45.7,83
Leeds,E00057660,45,30,66.7,19
Leeds,E00057661,114,46,40.4,148
Leeds,E00057662,117,59,50.4,86
Leeds,E00057663,110,45,40.9,113
Leeds,E00057664,94,50,53.2,74
Leeds,E00057665,90,42,46.7,80
Leeds,E00057666,138,84,60.9,73
Leeds,E00057667,73,57,78.1,26
Leeds,E00057668,71,39,54.9,53
Leeds,E00057669,133,74,55.6,64
Leeds,E00057670,85,55,64.7,34
Leeds,E00057671,71,26,36.6,61
Leeds,E00057672,118,45,38.1,90
Leeds,E00057673,163,33,20.2,178
Leeds,E00057674,99,31,31.3,95
Leeds,E00057675,89,34,38.2,72
Leeds,E00057676,104,48,46.2,72
Leeds,E00057679,71,25,35.2,79
Leeds,E00057680,93,53,57.0,52
Leeds,E00057681,185,62,33.5,193
Leeds,E00057682,125,37,29.6,163
Leeds,E00057683,77,23,29.9,85
Leeds,E00057684,45,11,24.4,62
Leeds,E00057685,99,50,50.5,68
Leeds,E00057686,104,32,30.8,141
Leeds,E00057687,40,10,25.0,66
Leeds,E00057689,125,34,27.2,160
Leeds,E00057690,120,38,31.7,134
Leeds,E00057691,112,47,42.0,121
Leeds,E00057692,121,41,33.9,125
Leeds,E00057693,98,39,39.8,82
Leeds,E00057695,78,30,38.5,92
Leeds,E00057696,99,32,32.3,92
Leeds,E00057697,114,51,44.7,89
Leeds,E00057698,120,28,23.3,143
Leeds,E00057699,92,50,54.3,62
Leeds,E00057700,95,38,40.0,99
Leeds,E00057701,90,59,65.6,75
Leeds,E00057702,115,34,29.6,115
Leeds,E00057703,137,70,51.1,126
Leeds,E00057704,76,34,44.7,67
Leeds,E00057705,154,45,29.2,171
Leeds,E00057706,88,3,3.4,173
Leeds,E00057707,102,2,2.0,187
Leeds,E00057708,106,3,2.8,207
Leeds,E00057709,141,12,8.5,226
Leeds,E00057710,135,9,6.7,222
Leeds,E00057711,141,8,5.7,231
Leeds,E00057712,143,10,7.0,250
Leeds,E00057713,115,5,4.3,194
Leeds,E00057714,118,33,28.0,123
Leeds,E00057715,113,8,7.1,164
Leeds,E00057716,143,12,8.4,207
Leeds,E00057717,132,24,18.2,163
Leeds,E00057718,141,38,27.0,152
Leeds,E00057719,132,13,9.8,186
Leeds,E00057720,119,34,28.6,120
Leeds,E00057721,142,14,9.9,188
Leeds,E00057722,136,20,14.7,192
Leeds,E00057723,163,14,8.6,233
Leeds,E00057724,135,10,7.4,198
Leeds,E00057725,126,16,12.7,157
Leeds,E00057727,134,14,10.4,199
Leeds,E00057728,118,16,13.6,166
Leeds,E00057729,122,15,12.3,163
Leeds,E00057730,95,5,5.3,153
Leeds,E00057731,138,8,5.8,209
Leeds,E00057732,177,35,19.8,220
Leeds,E00057733,128,10,7.8,237
Leeds,E00057734,140,19,13.6,192
Leeds,E00057735,179,32,17.9,254
Leeds,E00057736,124,30,24.2,136
Leeds,E00057737,118,18,15.3,144
Leeds,E00057738,142,18,12.7,231
Leeds,E00057739,141,30,21.3,166
Leeds,E00057740,139,36,25.9,171
Leeds,E00057741,116,2,1.7,224
Leeds,E00057742,130,6,4.6,222
Leeds,E00057743,110,27,24.5,117
Leeds,E00057744,125,25,20.0,147
Leeds,E00057745,116,10,8.6,158
Leeds,E00057746,115,56,48.7,76
Leeds,E00057747,139,40,28.8,137
Leeds,E00057748,127,33,26.0,141
Leeds,E00057749,95,4,4.2,140
Leeds,E00057750,137,10,7.3,234
Leeds,E00057751,109,18,16.5,134
Leeds,E00057752,128,52,40.6,96
Leeds,E00057753,110,26,23.6,132
Leeds,E00057754,123,23,18.7,140
Leeds,E00057755,146,46,31.5,151
Leeds,E00057756,132,21,15.9,156
Leeds,E00057757,127,49,38.6,108
Leeds,E00057758,141,46,32.6,147
Leeds,E00057759,118,23,19.5,127
Leeds,E00057760,131,63,48.1,86
Leeds,E00057761,131,23,17.6,146
Leeds,E00057762,116,25,21.6,151
Leeds,E00057763,152,40,26.3,162
Leeds,E00057764,137,29,21.2,160
Leeds,E00057765,150,34,22.7,157
Leeds,E00057766,127,27,21.3,155
Leeds,E00057767,120,25,20.8,131
Leeds,E00057768,130,40,30.8,134
Leeds,E00057769,166,12,7.2,230
Leeds,E00057770,125,44,35.2,115
Leeds,E00057771,126,10,7.9,166
Leeds,E00057772,142,85,59.9,69
Leeds,E00057773,127,23,18.1,159
Leeds,E00057774,89,8,9.0,135
Leeds,E00057775,129,31,24.0,150
Leeds,E00057776,131,50,38.2,101
Leeds,E00057777,141,99,70.2,58
Leeds,E00057778,114,57,50.0,75
Leeds,E00057779,122,66,54.1,63
Leeds,E00057780,134,80,59.7,57
Leeds,E00057781,124,74,59.7,65
Leeds,E00057782,121,64,52.9,66
Leeds,E00057783,135,87,64.4,56
Leeds,E00057784,131,76,58.0,78
Leeds,E00057785,134,54,40.3,111
Leeds,E00057786,127,42,33.1,118
Leeds,E00057787,163,72,44.2,104
Leeds,E00057788,152,115,75.7,43
Leeds,E00057789,160,107,66.9,64
Leeds,E00057790,91,31,34.1,68
Leeds,E00057791,143,85,59.4,64
Leeds,E00057792,128,12,9.4,162
Leeds,E00057793,115,72,62.6,52
Leeds,E00057794,127,95,74.8,34
Leeds,E00057795,140,22,15.7,165
Leeds,E00057796,105,42,40.0,71
Leeds,E00057797,135,53,39.3,102
Leeds,E00057798,135,67,49.6,88
Leeds,E00057799,90,30,33.3,78
Leeds,E00057800,113,69,61.1,55
Leeds,E00057801,132,58,43.9,95
Leeds,E00057802,89,48,53.9,46
Leeds,E00057803,102,55,53.9,61
Leeds,E00057804,113,69,61.1,56
Leeds,E00057805,109,46,42.2,84
Leeds,E00057806,184,57,31.0,160
Leeds,E00057807,114,87,76.3,28
Leeds,E00057808,140,82,58.6,67
Leeds,E00057809,99,36,36.4,84
Leeds,E00057810,135,76,56.3,76
Leeds,E00057811,159,75,47.2,115
Leeds,E00057812,115,29,25.2,127
Leeds,E00057813,125,26,20.8,148
Leeds,E00057814,133,51,38.3,120
Leeds,E00057815,140,24,17.1,165
Leeds,E00057816,114,61,53.5,63
Leeds,E00057817,137,64,46.7,87
Leeds,E00057818,128,74,57.8,66
Leeds,E00057819,128,49,38.3,96
Leeds,E00057820,121,53,43.8,105
Leeds,E00057821,128,66,51.6,82
Leeds,E00057822,134,58,43.3,95
Leeds,E00057823,139,71,51.1,78
Leeds,E00057824,126,43,34.1,105
Leeds,E00057825,166,113,68.1,61
Leeds,E00057826,113,36,31.9,93
Leeds,E00057827,114,73,64.0,48
Leeds,E00057828,121,68,56.2,68
Leeds,E00057829,108,68,63.0,48
Leeds,E00057830,94,54,57.4,42
Leeds,E00057831,117,76,65.0,47
Leeds,E00057832,160,83,51.9,106
Leeds,E00057833,134,88,65.7,62
Leeds,E00057834,148,88,59.5,73
Leeds,E00057835,127,56,44.1,90
Leeds,E00057838,131,44,33.6,112
Leeds,E00057839,153,43,28.1,155
Leeds,E00057840,134,50,37.3,112
Leeds,E00057841,132,64,48.5,83
Leeds,E00057842,139,46,33.1,124
Leeds,E00057843,154,77,50.0,99
Leeds,E00057844,129,36,27.9,145
Leeds,E00057845,141,77,54.6,98
Leeds,E00057846,117,44,37.6,91
Leeds,E00057847,114,26,22.8,115
Leeds,E00057848,119,50,42.0,95
Leeds,E00057849,117,59,50.4,78
Leeds,E00057850,137,67,48.9,82
Leeds,E00057851,154,70,45.5,104
Leeds,E00057852,140,62,44.3,110
Leeds,E00057853,111,84,75.7,32
Leeds,E00057854,149,62,41.6,137
Leeds,E00057855,138,69,50.0,93
Leeds,E00057856,149,74,49.7,86
Leeds,E00057857,130,97,74.6,44
Leeds,E00057858,127,86,67.7,47
Leeds,E00057859,144,72,50.0,99
Leeds,E00057860,123,71,57.7,59
Leeds,E00057861,129,63,48.8,84
Leeds,E00057862,144,69,47.9,97
Leeds,E00057863,136,78,57.4,78
Leeds,E00057864,118,61,51.7,71
Leeds,E00057865,137,72,52.6,82
Leeds,E00057866,138,77,55.8,76
Leeds,E00057867,136,46,33.8,128
Leeds,E00057868,108,17,15.7,123
Leeds,E00057869,144,87,60.4,78
Leeds,E00057871,118,21,17.8,145
Leeds,E00057872,100,19,19.0,118
Leeds,E00057873,123,46,37.4,131
Leeds,E00057874,120,31,25.8,134
Leeds,E00057875,177,88,49.7,110
Leeds,E00057876,162,87,53.7,89
Leeds,E00057877,102,49,48.0,69
Leeds,E00057878,123,21,17.1,170
Leeds,E00057879,202,86,42.6,158
Leeds,E00057880,130,68,52.3,72
Leeds,E00057881,128,37,28.9,124
Leeds,E00057882,121,36,29.8,112
Leeds,E00057883,132,58,43.9,100
Leeds,E00057884,137,37,27.0,135
Leeds,E00057885,134,26,19.4,155
Leeds,E00057887,189,92,48.7,112
Leeds,E00057888,109,74,67.9,39
Leeds,E00057889,137,35,25.5,147
Leeds,E00057891,135,55,40.7,127
Leeds,E00057892,131,62,47.3,97
Leeds,E00057893,110,33,30.0,110
Leeds,E00057894,136,65,47.8,108
Leeds,E00057895,102,45,44.1,72
Leeds,E00057896,105,49,46.7,78
Leeds,E00057897,117,59,50.4,83
Leeds,E00057898,132,53,40.2,120
Leeds,E00057899,141,52,36.9,117
Leeds,E00057900,120,44,36.7,105
Leeds,E00057901,126,59,46.8,87
Leeds,E00057902,143,7,4.9,211
Leeds,E00057903,130,65,50.0,81
Leeds,E00057904,133,68,51.1,85
Leeds,E00057905,137,27,19.7,193
Leeds,E00057906,113,28,24.8,114
Leeds,E00057907,118,66,55.9,73
Leeds,E00057908,106,54,50.9,65
Leeds,E00057909,138,33,23.9,158
Leeds,E00057911,124,11,8.9,172
Leeds,E00057913,121,73,60.3,59
Leeds,E00057914,143,85,59.4,69
Leeds,E00057916,128,46,35.9,102
Leeds,E00057917,205,125,61.0,103
Leeds,E00057918,115,10,8.7,160
Leeds,E00057919,116,59,50.9,78
Leeds,E00057920,128,49,38.3,123
Leeds,E00057921,118,51,43.2,88
Leeds,E00057922,94,48,51.1,54
Leeds,E00057923,120,60,50.0,74
Leeds,E00057924,137,64,46.7,93
Leeds,E00057925,119,14,11.8,162
Leeds,E00057926,144,54,37.5,129
Leeds,E00057927,144,36,25.0,146
Leeds,E00057928,153,66,43.1,112
Leeds,E00057929,141,24,17.0,176
Leeds,E00057932,148,41,27.7,144
Leeds,E00057933,119,75,63.0,51
Leeds,E00057934,130,58,44.6,103
Leeds,E00057935,153,69,45.1,118
Leeds,E00057936,112,40,35.7,91
Leeds,E00057937,142,17,12.0,194
Leeds,E00057938,125,63,50.4,75
Leeds,E00057939,161,49,30.4,153
Leeds,E00057940,122,2,1.6,219
Leeds,E00057941,126,10,7.9,193
Leeds,E00057942,110,56,50.9,69
Leeds,E00057943,93,53,57.0,66
Leeds,E00057944,127,56,44.1,91
Leeds,E00057945,82,55,67.1,36
Leeds,E00057946,133,71,53.4,80
Leeds,E00057947,101,52,51.5,64
Leeds,E00057949,94,61,64.9,37
Leeds,E00057950,161,18,11.2,220
Leeds,E00057951,120,70,58.3,68
Leeds,E00057952,98,55,56.1,55
Leeds,E00057955,137,24,17.5,166
Leeds,E00057956,128,76,59.4,72
Leeds,E00057957,117,12,10.3,161
Leeds,E00057959,114,36,31.6,113
Leeds,E00057960,163,38,23.3,186
Leeds,E00057961,170,11,6.5,256
Leeds,E00057962,118,8,6.8,184
Leeds,E00057963,126,28,22.2,160
Leeds,E00057965,181,42,23.2,201
Leeds,E00057966,130,42,32.3,125
Leeds,E00057967,111,28,25.2,117
Leeds,E00057968,112,14,12.5,167
Leeds,E00057969,110,17,15.5,165
Leeds,E00057970,89,7,7.9,143
Leeds,E00057971,147,30,20.4,166
Leeds,E00057972,115,4,3.5,185
Leeds,E00057973,136,28,20.6,167
Leeds,E00057974,142,26,18.3,182
Leeds,E00057975,141,13,9.2,206
Leeds,E00057976,112,54,48.2,72
Leeds,E00057977,139,25,18.0,157
Leeds,E00057978,118,20,16.9,170
Leeds,E00057979,141,52,36.9,135
Leeds,E00057980,170,17,10.0,235
Leeds,E00057981,95,19,20.0,115
Leeds,E00057982,112,22,19.6,140
Leeds,E00057983,113,20,17.7,117
Leeds,E00057984,129,16,12.4,180
Leeds,E00057985,126,18,14.3,171
Leeds,E00057986,127,30,23.6,137
Leeds,E00057987,125,25,20.0,136
Leeds,E00057988,115,10,8.7,169
Leeds,E00057989,120,13,10.8,171
Leeds,E00057990,115,9,7.8,159
Leeds,E00057991,114,15,13.2,151
Leeds,E00057992,139,20,14.4,178
Leeds,E00057993,134,70,52.2,77
Leeds,E00057994,108,24,22.2,138
Leeds,E00057995,111,28,25.2,104
Leeds,E00057996,115,21,18.3,136
Leeds,E00057997,127,17,13.4,153
Leeds,E00057998,83,37,44.6,53
Leeds,E00057999,105,20,19.0,124
Leeds,E00058000,108,38,35.2,96
Leeds,E00058001,131,10,7.6,196
Leeds,E00058002,146,82,56.2,71
Leeds,E00058003,97,14,14.4,123
Leeds,E00058004,112,14,12.5,170
Leeds,E00058005,119,25,21.0,131
Leeds,E00058006,100,13,13.0,133
Leeds,E00058007,121,9,7.4,181
Leeds,E00058008,118,58,49.2,70
Leeds,E00058009,118,6,5.1,185
Leeds,E00058010,132,30,22.7,168
Leeds,E00058011,150,64,42.7,108
Leeds,E00058012,117,33,28.2,128
Leeds,E00058013,124,8,6.5,205
Leeds,E00058014,125,16,12.8,171
Leeds,E00058015,141,73,51.8,86
Leeds,E00058016,223,25,11.2,311
Leeds,E00058017,138,29,21.0,164
Leeds,E00058018,144,87,60.4,82
Leeds,E00058019,134,26,19.4,138
Leeds,E00058020,100,8,8.0,163
Leeds,E00058021,121,13,10.7,182
Leeds,E00058022,145,90,62.1,63
Leeds,E00058023,147,15,10.2,216
Leeds,E00058024,138,36,26.1,140
Leeds,E00058025,132,46,34.8,117
Leeds,E00058026,168,104,61.9,82
Leeds,E00058027,160,43,26.9,179
Leeds,E00058028,111,8,7.2,184
Leeds,E00058029,111,30,27.0,103
Leeds,E00058030,123,10,8.1,167
Leeds,E00058031,123,25,20.3,152
Leeds,E00058032,123,34,27.6,133
Leeds,E00058033,130,16,12.3,191
Leeds,E00058034,128,24,18.8,147
Leeds,E00058036,111,20,18.0,160
Leeds,E00058037,120,17,14.2,163
Leeds,E00058038,123,51,41.5,95
Leeds,E00058039,170,33,19.4,202
Leeds,E00058040,166,87,52.4,90
Leeds,E00058041,160,7,4.4,272
Leeds,E00058042,248,86,34.7,222
Leeds,E00058043,135,31,23.0,153
Leeds,E00058044,141,18,12.8,195
Leeds,E00058045,126,53,42.1,115
Leeds,E00058047,128,19,14.8,167
Leeds,E00058048,125,9,7.2,196
Leeds,E00058049,118,31,26.3,136
Leeds,E00058050,137,59,43.1,112
Leeds,E00058051,125,16,12.8,156
Leeds,E00058052,109,15,13.8,138
Leeds,E00058053,128,20,15.6,169
Leeds,E00058054,116,10,8.6,158
Leeds,E00058055,154,21,13.6,202
Leeds,E00058056,130,28,21.5,148
Leeds,E00058057,163,29,17.8,221
Leeds,E00058058,101,8,7.9,170
Leeds,E00058059,151,13,8.6,240
Leeds,E00058060,127,21,16.5,167
Leeds,E00058061,138,20,14.5,180
Leeds,E00058062,143,18,12.6,192
Leeds,E00058063,116,12,10.3,173
Leeds,E00058064,129,9,7.0,192
Leeds,E00058065,84,40,47.6,58
Leeds,E00058066,124,46,37.1,113
Leeds,E00058067,125,40,32.0,127
Leeds,E00058068,141,14,9.9,191
Leeds,E00058069,122,6,4.9,191
Leeds,E00058070,134,19,14.2,175
Leeds,E00058071,114,17,14.9,145
Leeds,E00058072,148,18,12.2,198
Leeds,E00058073,208,32,15.4,270
Leeds,E00058074,120,16,13.3,169
Leeds,E00058075,126,42,33.3,126
Leeds,E00058076,117,4,3.4,204
Leeds,E00058077,118,12,10.2,177
Leeds,E00058078,160,6,3.8,238
Leeds,E00058079,104,4,3.8,191
Leeds,E00058080,141,35,24.8,145
Leeds,E00058081,132,38,28.8,133
Leeds,E00058082,187,29,15.5,246
Leeds,E00058083,136,53,39.0,112
Leeds,E00058084,121,34,28.1,119
Leeds,E00058086,169,35,20.7,190
Leeds,E00058087,138,52,37.7,115
Leeds,E00058088,135,38,28.1,129
Leeds,E00058089,138,39,28.3,150
Leeds,E00058090,169,14,8.3,232
Leeds,E00058091,175,37,21.1,183
Leeds,E00058092,132,36,27.3,136
Leeds,E00058093,118,18,15.3,146
Leeds,E00058094,142,31,21.8,168
Leeds,E00058095,134,19,14.2,181
Leeds,E00058096,138,34,24.6,153
Leeds,E00058097,132,60,45.5,90
Leeds,E00058098,150,28,18.7,179
Leeds,E00058099,113,6,5.3,187
Leeds,E00058100,127,22,17.3,146
Leeds,E00058101,129,7,5.4,234
Leeds,E00058102,130,16,12.3,178
Leeds,E00058103,133,16,12.0,173
Leeds,E00058104,133,16,12.0,171
Leeds,E00058105,128,6,4.7,202
Leeds,E00058106,119,8,6.7,153
Leeds,E00058107,110,3,2.7,192
Leeds,E00058108,117,41,35.0,98
Leeds,E00058109,111,22,19.8,135
Leeds,E00058110,137,27,19.7,181
Leeds,E00058111,200,44,22.0,206
Leeds,E00058112,143,23,16.1,165
Leeds,E00058113,132,43,32.6,125
Leeds,E00058114,122,28,23.0,117
Leeds,E00058115,141,18,12.8,194
Leeds,E00058116,114,64,56.1,58
Leeds,E00058117,132,32,24.2,129
Leeds,E00058118,128,63,49.2,94
Leeds,E00058119,105,42,40.0,90
Leeds,E00058120,114,31,27.2,123
Leeds,E00058121,178,16,9.0,255
Leeds,E00058122,129,40,31.0,124
Leeds,E00058123,124,38,30.6,117
Leeds,E00058124,81,37,45.7,55
Leeds,E00058125,126,26,20.6,142
Leeds,E00058126,120,23,19.2,163
Leeds,E00058127,142,35,24.6,158
Leeds,E00058128,139,4,2.9,261
Leeds,E00058129,136,16,11.8,188
Leeds,E00058130,157,9,5.7,233
Leeds,E00058131,112,7,6.2,184
Leeds,E00058132,172,21,12.2,251
Leeds,E00058133,120,3,2.5,233
Leeds,E00058134,125,34,27.2,132
Leeds,E00058135,135,18,13.3,182
Leeds,E00058136,124,12,9.7,199
Leeds,E00058137,114,22,19.3,134
Leeds,E00058138,134,18,13.4,185
Leeds,E00058139,126,38,30.2,120
Leeds,E00058140,129,44,34.1,102
Leeds,E00058141,112,30,26.8,115
Leeds,E00058142,127,49,38.6,111
Leeds,E00058143,130,4,3.1,249
Leeds,E00058144,130,33,25.4,146
Leeds,E00058145,124,8,6.5,211
Leeds,E00058146,131,19,14.5,188
Leeds,E00058147,111,42,37.8,97
Leeds,E00058148,126,9,7.1,173
Leeds,E00058149,123,15,12.2,169
Leeds,E00058150,131,16,12.2,168
Leeds,E00058151,111,39,35.1,112
Leeds,E00058152,144,55,38.2,132
Leeds,E00058153,133,27,20.3,137
Leeds,E00058154,138,12,8.7,197
Leeds,E00058155,125,16,12.8,161
Leeds,E00058156,139,14,10.1,215
Leeds,E00058157,135,19,14.1,176
Leeds,E00058158,125,17,13.6,193
Leeds,E00058159,122,43,35.2,121
Leeds,E00058160,124,18,14.5,181
Leeds,E00058161,150,34,22.7,182
Leeds,E00058162,118,13,11.0,152
Leeds,E00058163,136,14,10.3,217
Leeds,E00058164,146,21,14.4,197
Leeds,E00058165,166,25,15.1,235
Leeds,E00058166,108,15,13.9,154
Leeds,E00058167,115,15,13.0,157
Leeds,E00058168,139,23,16.5,171
Leeds,E00058169,143,23,16.1,174
Leeds,E00058170,122,25,20.5,131
Leeds,E00058171,115,17,14.8,164
Leeds,E00058172,134,3,2.2,279
Leeds,E00058173,128,3,2.3,217
Leeds,E00058174,110,29,26.4,122
Leeds,E00058175,140,67,47.9,95
Leeds,E00058177,125,68,54.4,71
Leeds,E00058178,161,77,47.8,112
Leeds,E00058179,113,6,5.3,175
Leeds,E00058180,115,33,28.7,117
Leeds,E00058181,148,55,37.2,146
Leeds,E00058182,132,19,14.4,167
Leeds,E00058183,122,14,11.5,169
Leeds,E00058184,134,43,32.1,117
Leeds,E00058185,117,37,31.6,116
Leeds,E00058186,124,16,12.9,154
Leeds,E00058187,130,51,39.2,102
Leeds,E00058188,122,11,9.0,162
Leeds,E00058189,173,124,71.7,64
Leeds,E00058190,106,7,6.6,158
Leeds,E00058191,197,74,37.6,164
Leeds,E00058192,120,75,62.5,55
Leeds,E00058193,122,10,8.2,180
Leeds,E00058194,108,11,10.2,147
Leeds,E00058195,117,40,34.2,93
Leeds,E00058196,136,58,42.6,108
Leeds,E00058197,108,22,20.4,118
Leeds,E00058199,136,43,31.6,124
Leeds,E00058200,151,31,20.5,155
Leeds,E00058201,125,66,52.8,67
Leeds,E00058202,121,15,12.4,151
Leeds,E00058204,123,47,38.2,102
Leeds,E00058205,205,62,30.2,210
Leeds,E00058206,118,33,28.0,123
Leeds,E00058207,147,37,25.2,165
Leeds,E00058208,144,59,41.0,117
Leeds,E00058209,139,19,13.7,191
Leeds,E00058210,111,3,2.7,191
Leeds,E00058211,127,62,48.8,85
Leeds,E00058212,103,14,13.6,148
Leeds,E00058213,121,71,58.7,66
Leeds,E00058214,188,55,29.3,171
Leeds,E00058215,168,40,23.8,166
Leeds,E00058216,151,77,51.0,97
Leeds,E00058217,137,36,26.3,132
Leeds,E00058218,100,44,44.0,79
Leeds,E00058219,131,51,38.9,103
Leeds,E00058220,167,42,25.1,170
Leeds,E00058221,112,14,12.5,144
Leeds,E00058222,165,83,50.3,102
Leeds,E00058223,133,6,4.5,218
Leeds,E00058224,129,54,41.9,106
Leeds,E00058225,249,28,11.2,344
Leeds,E00058226,138,52,37.7,140
Leeds,E00058227,117,32,27.4,120
Leeds,E00058228,104,21,20.2,120
Leeds,E00058229,104,27,26.0,118
Leeds,E00058230,145,79,54.5,71
Leeds,E00058231,113,37,32.7,96
Leeds,E00058232,128,76,59.4,65
Leeds,E00058233,145,43,29.7,129
Leeds,E00058234,126,2,1.6,261
Leeds,E00058235,116,7,6.0,191
Leeds,E00058236,144,13,9.0,234
Leeds,E00058237,122,9,7.4,192
Leeds,E00058238,112,2,1.8,204
Leeds,E00058239,126,13,10.3,174
Leeds,E00058240,129,5,3.9,233
Leeds,E00058241,111,12,10.8,162
Leeds,E00058242,107,8,7.5,144
Leeds,E00058243,111,20,18.0,139
Leeds,E00058244,114,11,9.6,159
Leeds,E00058245,132,40,30.3,114
Leeds,E00058246,104,8,7.7,159
Leeds,E00058247,113,15,13.3,152
Leeds,E00058248,109,12,11.0,157
Leeds,E00058249,116,10,8.6,171
Leeds,E00058250,126,32,25.4,119
Leeds,E00058251,118,14,11.9,157
Leeds,E00058252,135,42,31.1,145
Leeds,E00058253,131,42,32.1,126
Leeds,E00058254,105,42,40.0,87
Leeds,E00058255,130,29,22.3,145
Leeds,E00058256,117,68,58.1,66
Leeds,E00058257,100,48,48.0,65
Leeds,E00058258,123,57,46.3,78
Leeds,E00058259,130,35,26.9,117
Leeds,E00058260,136,54,39.7,98
Leeds,E00058261,133,59,44.4,95
Leeds,E00058262,186,120,64.5,83
Leeds,E00058263,173,135,78.0,42
Leeds,E00058264,108,34,31.5,99
Leeds,E00058265,110,33,30.0,105
Leeds,E00058266,56,2,3.6,115
Leeds,E00058267,111,7,6.3,229
Leeds,E00058268,120,3,2.5,196
Leeds,E00058269,119,12,10.1,178
Leeds,E00058270,125,9,7.2,205
Leeds,E00058271,119,23,19.3,142
Leeds,E00058272,115,11,9.6,193
Leeds,E00058273,124,18,14.5,151
Leeds,E00058274,117,7,6.0,183
Leeds,E00058275,129,10,7.8,214
Leeds,E00058276,110,7,6.4,141
Leeds,E00058277,111,37,33.3,109
Leeds,E00058278,117,8,6.8,178
Leeds,E00058279,122,11,9.0,170
Leeds,E00058280,103,9,8.7,147
Leeds,E00058281,131,9,6.9,171
Leeds,E00058282,113,9,8.0,169
Leeds,E00058283,115,11,9.6,184
Leeds,E00058284,111,5,4.5,173
Leeds,E00058285,90,23,25.6,88
Leeds,E00058286,100,26,26.0,92
Leeds,E00058287,165,12,7.3,277
Leeds,E00058288,122,14,11.5,192
Leeds,E00058289,111,12,10.8,163
Leeds,E00058290,111,11,9.9,178
Leeds,E00058291,118,12,10.2,141
Leeds,E00058292,118,9,7.6,189
Leeds,E00058293,124,6,4.8,188
Leeds,E00058294,133,31,23.3,169
Leeds,E00058295,155,9,5.8,276
Leeds,E00058296,131,8,6.1,252
Leeds,E00058297,121,4,3.3,254
Leeds,E00058298,131,13,9.9,220
Leeds,E00058299,121,3,2.5,237
Leeds,E00058300,132,12,9.1,193
Leeds,E00058301,123,18,14.6,155
Leeds,E00058302,114,6,5.3,222
Leeds,E00058303,126,14,11.1,184
Leeds,E00058304,132,26,19.7,162
Leeds,E00058305,110,33,30.0,106
Leeds,E00058306,126,21,16.7,164
Leeds,E00058307,114,15,13.2,140
Leeds,E00058308,136,8,5.9,216
Leeds,E00058309,133,15,11.3,175
Leeds,E00058310,127,18,14.2,186
Leeds,E00058311,120,21,17.5,156
Leeds,E00058312,86,10,11.6,125
Leeds,E00058313,133,15,11.3,195
Leeds,E00058314,129,31,24.0,168
Leeds,E00058315,125,29,23.2,164
Leeds,E00058317,136,40,29.4,138
Leeds,E00058318,114,12,10.5,146
Leeds,E00058319,113,9,8.0,206
Leeds,E00058320,106,4,3.8,201
Leeds,E00058321,120,20,16.7,175
Leeds,E00058322,122,17,13.9,172
Leeds,E00058323,122,6,4.9,215
Leeds,E00058325,148,9,6.1,215
Leeds,E00058326,126,10,7.9,227
Leeds,E00058327,165,7,4.2,311
Leeds,E00058328,127,13,10.2,201
Leeds,E00058329,131,19,14.5,160
Leeds,E00058330,129,7,5.4,232
Leeds,E00058331,133,0,0.0,255
Leeds,E00058332,72,5,6.9,123
Leeds,E00058333,134,16,11.9,178
Leeds,E00058334,137,28,20.4,147
Leeds,E00058335,144,61,42.4,114
Leeds,E00058336,122,20,16.4,154
Leeds,E00058337,140,25,17.9,170
Leeds,E00058338,135,21,15.6,181
Leeds,E00058339,109,16,14.7,146
Leeds,E00058340,171,15,8.8,251
Leeds,E00058341,114,9,7.9,177
Leeds,E00058342,87,20,23.0,104
Leeds,E00058343,108,20,18.5,136
Leeds,E00058344,137,13,9.5,199
Leeds,E00058345,124,44,35.5,134
Leeds,E00058346,139,29,20.9,146
Leeds,E00058347,116,6,5.2,195
Leeds,E00058348,131,18,13.7,177
Leeds,E00058349,121,40,33.1,120
Leeds,E00058350,132,21,15.9,165
Leeds,E00058351,127,41,32.3,112
Leeds,E00058352,160,84,52.5,88
Leeds,E00058353,101,40,39.6,94
Leeds,E00058354,170,34,20.0,190
Leeds,E00058355,129,25,19.4,150
Leeds,E00058356,170,39,22.9,184
Leeds,E00058357,128,29,22.7,150
Leeds,E00058358,123,17,13.8,148
Leeds,E00058359,135,34,25.2,143
Leeds,E00058360,119,28,23.5,124
Leeds,E00058361,142,35,24.6,160
Leeds,E00058362,142,48,33.8,155
Leeds,E00058363,127,26,20.5,169
Leeds,E00058364,148,14,9.5,240
Leeds,E00058365,114,21,18.4,154
Leeds,E00058366,139,16,11.5,206
Leeds,E00058367,139,21,15.1,190
Leeds,E00058368,111,4,3.6,174
Leeds,E00058369,154,13,8.4,220
Leeds,E00058370,101,37,36.6,94
Leeds,E00058371,136,24,17.6,167
Leeds,E00058372,125,20,16.0,166
Leeds,E00058373,107,35,32.7,108
Leeds,E00058374,112,27,24.1,117
Leeds,E00058375,112,17,15.2,152
Leeds,E00058376,114,19,16.7,157
Leeds,E00058377,110,76,69.1,39
Leeds,E00058378,111,25,22.5,128
Leeds,E00058379,111,49,44.1,84
Leeds,E00058380,141,46,32.6,134
Leeds,E00058381,127,14,11.0,198
Leeds,E00058382,131,26,19.8,157
Leeds,E00058383,212,6,2.8,393
Leeds,E00058384,160,13,8.1,260
Leeds,E00058385,116,12,10.3,162
Leeds,E00058386,213,4,1.9,362
Leeds,E00058387,152,25,16.4,190
Leeds,E00058388,118,4,3.4,188
Leeds,E00058389,189,64,33.9,174
Leeds,E00058390,141,8,5.7,213
Leeds,E00058391,132,12,9.1,225
Leeds,E00058392,124,38,30.6,132
Leeds,E00058393,118,58,49.2,83
Leeds,E00058394,120,20,16.7,141
Leeds,E00058395,151,21,13.9,203
Leeds,E00058396,121,10,8.3,222
Leeds,E00058397,141,22,15.6,201
Leeds,E00058398,129,27,20.9,138
Leeds,E00058399,158,52,32.9,134
Leeds,E00058400,125,16,12.8,170
Leeds,E00058401,155,68,43.9,116
Leeds,E00058402,135,5,3.7,229
Leeds,E00058403,91,6,6.6,153
Leeds,E00058404,121,19,15.7,153
Leeds,E00058405,114,20,17.5,145
Leeds,E00058406,129,17,13.2,172
Leeds,E00058407,202,17,8.4,277
Leeds,E00058408,144,25,17.4,173
Leeds,E00058409,121,12,9.9,202
Leeds,E00058410,100,11,11.0,134
Leeds,E00058411,121,32,26.4,134
Leeds,E00058412,120,33,27.5,116
Leeds,E00058413,161,36,22.4,161
Leeds,E00058414,132,47,35.6,121
Leeds,E00058415,127,31,24.4,139
Leeds,E00058416,204,29,14.2,252
Leeds,E00058417,140,33,23.6,152
Leeds,E00058418,124,21,16.9,171
Leeds,E00058419,120,14,11.7,174
Leeds,E00058420,116,25,21.6,121
Leeds,E00058421,135,27,20.0,151
Leeds,E00058422,131,26,19.8,134
Leeds,E00058423,146,23,15.8,170
Leeds,E00058424,119,40,33.6,106
Leeds,E00058425,80,13,16.2,103
Leeds,E00058426,139,21,15.1,201
Leeds,E00058427,117,25,21.4,152
Leeds,E00058428,113,15,13.3,158
Leeds,E00058429,104,29,27.9,102
Leeds,E00058430,126,26,20.6,149
Leeds,E00058431,104,33,31.7,104
Leeds,E00058432,115,36,31.3,111
Leeds,E00058433,132,26,19.7,144
Leeds,E00058434,131,22,16.8,169
Leeds,E00058435,125,22,17.6,147
Leeds,E00058436,119,26,21.8,142
Leeds,E00058437,104,27,26.0,105
Leeds,E00058438,118,37,31.4,107
Leeds,E00058439,107,26,24.3,106
Leeds,E00058440,111,15,13.5,147
Leeds,E00058441,175,34,19.4,219
Leeds,E00058442,130,16,12.3,166
Leeds,E00058443,131,14,10.7,169
Leeds,E00058444,142,10,7.0,218
Leeds,E00058445,130,11,8.5,188
Leeds,E00058446,128,11,8.6,183
Leeds,E00058447,176,16,9.1,248
Leeds,E00058448,100,13,13.0,138
Leeds,E00058449,148,7,4.7,261
Leeds,E00058450,106,6,5.7,168
Leeds,E00058451,128,17,13.3,172
Leeds,E00058452,181,16,8.8,247
Leeds,E00058453,226,39,17.3,263
Leeds,E00058454,175,17,9.7,247
Leeds,E00058455,136,7,5.1,195
Leeds,E00058456,134,16,11.9,186
Leeds,E00058457,133,21,15.8,164
Leeds,E00058458,240,17,7.1,369
Leeds,E00058459,134,54,40.3,104
Leeds,E00058460,102,10,9.8,140
Leeds,E00058461,117,14,12.0,146
Leeds,E00058462,126,20,15.9,134
Leeds,E00058463,122,49,40.2,95
Leeds,E00058464,135,24,17.8,171
Leeds,E00058465,131,22,16.8,183
Leeds,E00058466,65,24,36.9,64
Leeds,E00058467,106,15,14.2,164
Leeds,E00058468,142,24,16.9,178
Leeds,E00058469,161,27,16.8,205
Leeds,E00058470,156,16,10.3,224
Leeds,E00058471,132,74,56.1,79
Leeds,E00058472,151,23,15.2,182
Leeds,E00058473,155,72,46.5,112
Leeds,E00058474,145,72,49.7,97
Leeds,E00058475,159,46,28.9,159
Leeds,E00058476,129,13,10.1,168
Leeds,E00058477,119,17,14.3,154
Leeds,E00058478,176,23,13.1,226
Leeds,E00058479,132,26,19.7,181
Leeds,E00058480,120,18,15.0,160
Leeds,E00058481,123,30,24.4,156
Leeds,E00058482,133,19,14.3,173
Leeds,E00058484,104,19,18.3,126
Leeds,E00058485,149,63,42.3,127
Leeds,E00058486,151,31,20.5,179
Leeds,E00058487,130,16,12.3,176
Leeds,E00058488,136,21,15.4,174
Leeds,E00058489,133,49,36.8,118
Leeds,E00058490,159,62,39.0,131
Leeds,E00058491,121,31,25.6,131
Leeds,E00058492,183,40,21.9,198
Leeds,E00058493,125,33,26.4,131
Leeds,E00058494,123,75,61.0,65
Leeds,E00058495,145,46,31.7,145
Leeds,E00058496,128,13,10.2,169
Leeds,E00058497,143,28,19.6,201
Leeds,E00058498,150,37,24.7,161
Leeds,E00058499,130,19,14.6,173
Leeds,E00058500,123,25,20.3,143
Leeds,E00058501,140,32,22.9,154
Leeds,E00058502,130,13,10.0,190
Leeds,E00058503,128,21,16.4,169
Leeds,E00058504,137,17,12.4,179
Leeds,E00058505,123,39,31.7,119
Leeds,E00058506,124,44,35.5,112
Leeds,E00058507,136,28,20.6,164
Leeds,E00058508,114,23,20.2,136
Leeds,E00058509,131,74,56.5,72
Leeds,E00058510,114,39,34.2,105
Leeds,E00058511,133,40,30.1,134
Leeds,E00058512,137,27,19.7,186
Leeds,E00058513,95,36,37.9,88
Leeds,E00058514,102,44,43.1,70
Leeds,E00058515,115,21,18.3,142
Leeds,E00058516,98,45,45.9,70
Leeds,E00058517,140,71,50.7,81
Leeds,E00058518,111,29,26.1,119
Leeds,E00058519,97,57,58.8,51
Leeds,E00058520,109,43,39.4,87
Leeds,E00058521,134,39,29.1,136
Leeds,E00058522,114,55,48.2,71
Leeds,E00058523,107,24,22.4,125
Leeds,E00058524,80,35,43.8,60
Leeds,E00058525,124,21,16.9,153
Leeds,E00058526,140,15,10.7,197
Leeds,E00058527,127,7,5.5,206
Leeds,E00058528,102,22,21.6,116
Leeds,E00058529,125,29,23.2,133
Leeds,E00058530,131,95,72.5,43
Leeds,E00058531,102,38,37.3,81
Leeds,E00058532,106,33,31.1,102
Leeds,E00058533,120,37,30.8,108
Leeds,E00058534,149,85,57.0,73
Leeds,E00058535,128,39,30.5,125
Leeds,E00058536,117,18,15.4,144
Leeds,E00058537,118,13,11.0,156
Leeds,E00058538,162,48,29.6,167
Leeds,E00058539,121,70,57.9,60
Leeds,E00058540,102,41,40.2,73
Leeds,E00058541,122,81,66.4,55
Leeds,E00058543,124,62,50.0,75
Leeds,E00058544,177,93,52.5,104
Leeds,E00058545,137,90,65.7,53
Leeds,E00058546,99,82,82.8,23
Leeds,E00058547,121,40,33.1,115
Leeds,E00058548,157,98,62.4,69
Leeds,E00058549,142,73,51.4,83
Leeds,E00058550,127,72,56.7,61
Leeds,E00058551,168,43,25.6,164
Leeds,E00058552,175,127,72.6,53
Leeds,E00058554,113,51,45.1,74
Leeds,E00058555,184,68,37.0,154
Leeds,E00058556,114,47,41.2,88
Leeds,E00058557,124,66,53.2,69
Leeds,E00058558,162,45,27.8,152
Leeds,E00058559,120,47,39.2,92
Leeds,E00058561,96,49,51.0,55
Leeds,E00058562,140,59,42.1,112
Leeds,E00058563,123,87,70.7,41
Leeds,E00058564,158,66,41.8,108
Leeds,E00058565,111,76,68.5,38
Leeds,E00058566,120,53,44.2,83
Leeds,E00058567,155,113,72.9,52
Leeds,E00058568,124,79,63.7,48
Leeds,E00058571,127,61,48.0,78
Leeds,E00058572,175,81,46.3,121
Leeds,E00058573,126,63,50.0,79
Leeds,E00058574,131,58,44.3,96
Leeds,E00058575,96,59,61.5,41
Leeds,E00058576,147,97,66.0,55
Leeds,E00058577,129,52,40.3,99
Leeds,E00058578,104,59,56.7,54
Leeds,E00058579,103,64,62.1,48
Leeds,E00058580,129,79,61.2,59
Leeds,E00058581,135,83,61.5,70
Leeds,E00058583,112,92,82.1,20
Leeds,E00058585,114,66,57.9,51
Leeds,E00058586,95,55,57.9,51
Leeds,E00058587,105,75,71.4,32
Leeds,E00058588,129,43,33.3,120
Leeds,E00058589,127,54,42.5,88
Leeds,E00058590,142,66,46.5,101
Leeds,E00058591,124,85,68.5,50
Leeds,E00058592,136,80,58.8,66
Leeds,E00058593,127,89,70.1,43
Leeds,E00058594,139,72,51.8,78
Leeds,E00058595,112,42,37.5,86
Leeds,E00058596,130,56,43.1,90
Leeds,E00058597,141,92,65.2,65
Leeds,E00058598,104,54,51.9,61
Leeds,E00058599,128,54,42.2,94
Leeds,E00058600,136,76,55.9,73
Leeds,E00058601,141,21,14.9,168
Leeds,E00058602,125,35,28.0,128
Leeds,E00058603,121,25,20.7,141
Leeds,E00058604,119,7,5.9,195
Leeds,E00058605,150,17,11.3,229
Leeds,E00058606,126,9,7.1,188
Leeds,E00058607,140,7,5.0,248
Leeds,E00058608,130,68,52.3,78
Leeds,E00058609,138,8,5.8,253
Leeds,E00058610,151,21,13.9,202
Leeds,E00058611,137,55,40.1,93
Leeds,E00058612,127,39,30.7,120
Leeds,E00058613,112,6,5.4,185
Leeds,E00058614,124,26,21.0,137
Leeds,E00058616,140,26,18.6,184
Leeds,E00058618,125,14,11.2,173
Leeds,E00058619,122,48,39.3,98
Leeds,E00058620,146,52,35.6,132
Leeds,E00058621,126,37,29.4,122
Leeds,E00058622,118,36,30.5,114
Leeds,E00058623,129,12,9.3,190
Leeds,E00058624,120,37,30.8,131
Leeds,E00058625,121,13,10.7,172
Leeds,E00058626,116,22,19.0,170
Leeds,E00058627,111,31,27.9,109
Leeds,E00058628,123,17,13.8,175
Leeds,E00058629,122,26,21.3,141
Leeds,E00058630,136,17,12.5,190
Leeds,E00058631,118,51,43.2,102
Leeds,E00058632,120,42,35.0,96
Leeds,E00058633,135,34,25.2,160
Leeds,E00058634,116,52,44.8,83
Leeds,E00058635,127,55,43.3,96
Leeds,E00058636,123,27,22.0,152
Leeds,E00058637,132,30,22.7,157
Leeds,E00058638,128,21,16.4,159
Leeds,E00058639,127,6,4.7,220
Leeds,E00058640,145,25,17.2,197
Leeds,E00058641,220,36,16.4,298
Leeds,E00058642,137,16,11.7,213
Leeds,E00058643,129,22,17.1,164
Leeds,E00058644,115,27,23.5,124
Leeds,E00058646,113,20,17.7,142
Leeds,E00058647,130,26,20.0,142
Leeds,E00058648,111,18,16.2,139
Leeds,E00058649,133,39,29.3,142
Leeds,E00058650,116,25,21.6,133
Leeds,E00058651,110,19,17.3,149
Leeds,E00058652,185,27,14.6,252
Leeds,E00058653,127,31,24.4,141
Leeds,E00058654,113,17,15.0,150
Leeds,E00058655,79,35,44.3,58
Leeds,E00058656,120,14,11.7,169
Leeds,E00058657,118,24,20.3,131
Leeds,E00058658,118,16,13.6,154
Leeds,E00058659,125,53,42.4,93
Leeds,E00058660,118,29,24.6,140
Leeds,E00058661,123,43,35.0,116
Leeds,E00058662,124,49,39.5,102
Leeds,E00058663,115,42,36.5,100
Leeds,E00058664,142,22,15.5,172
Leeds,E00058665,122,34,27.9,117
Leeds,E00058666,115,14,12.2,152
Leeds,E00058667,105,67,63.8,41
Leeds,E00058668,171,19,11.1,216
Leeds,E00058669,141,48,34.0,122
Leeds,E00058670,120,52,43.3,88
Leeds,E00058671,155,32,20.6,185
Leeds,E00058672,138,14,10.1,205
Leeds,E00058673,120,15,12.5,177
Leeds,E00058674,129,46,35.7,120
Leeds,E00058675,126,44,34.9,121
Leeds,E00058676,125,14,11.2,168
Leeds,E00058677,125,25,20.0,159
Leeds,E00058678,127,26,20.5,144
Leeds,E00058679,180,32,17.8,229
Leeds,E00058680,121,8,6.6,178
Leeds,E00058681,149,15,10.1,218
Leeds,E00058682,168,16,9.5,251
Leeds,E00058683,124,35,28.2,127
Leeds,E00058684,168,47,28.0,173
Leeds,E00058685,141,38,27.0,158
Leeds,E00058686,150,4,2.7,255
Leeds,E00058687,111,8,7.2,173
Leeds,E00058688,114,23,20.2,145
Leeds,E00058689,197,76,38.6,153
Leeds,E00058690,132,16,12.1,191
Leeds,E00058691,136,12,8.8,208
Leeds,E00058692,107,3,2.8,184
Leeds,E00058693,123,12,9.8,188
Leeds,E00058694,135,13,9.6,196
Leeds,E00058695,107,19,17.8,134
Leeds,E00058696,130,29,22.3,146
Leeds,E00058697,102,25,24.5,118
Leeds,E00058698,137,18,13.1,179
Leeds,E00058699,139,9,6.5,238
Leeds,E00058700,103,25,24.3,131
Leeds,E00058701,134,23,17.2,175
Leeds,E00058702,119,50,42.0,86
Leeds,E00058703,143,22,15.4,194
Leeds,E00058704,127,8,6.3,201
Leeds,E00058705,114,60,52.6,65
Leeds,E00058706,114,14,12.3,156
Leeds,E00058707,137,30,21.9,149
Leeds,E00058708,128,14,10.9,179
Leeds,E00058709,108,16,14.8,145
Leeds,E00058710,114,22,19.3,136
Leeds,E00058711,114,20,17.5,137
Leeds,E00058712,133,26,19.5,166
Leeds,E00058713,127,24,18.9,138
Leeds,E00058714,117,23,19.7,132
Leeds,E00058715,136,23,16.9,173
Leeds,E00058716,122,19,15.6,167
Leeds,E00058717,131,33,25.2,137
Leeds,E00058718,123,21,17.1,142
Leeds,E00058719,127,32,25.2,125
Leeds,E00058720,123,27,22.0,145
Leeds,E00058721,145,16,11.0,220
Leeds,E00058722,106,39,36.8,83
Leeds,E00058723,137,9,6.6,210
Leeds,E00058724,108,7,6.5,169
Leeds,E00058725,108,24,22.2,120
Leeds,E00058726,117,52,44.4,86
Leeds,E00058727,113,8,7.1,168
Leeds,E00058728,120,31,25.8,105
Leeds,E00058729,122,20,16.4,183
Leeds,E00058730,93,7,7.5,154
Leeds,E00058731,101,8,7.9,170
Leeds,E00058732,117,8,6.8,183
Leeds,E00058733,100,7,7.0,164
Leeds,E00058734,131,2,1.5,251
Leeds,E00058735,115,8,7.0,153
Leeds,E00058736,144,14,9.7,230
Leeds,E00058737,44,1,2.3,84
Leeds,E00058738,115,10,8.7,184
Leeds,E00058739,112,12,10.7,165
Leeds,E00058740,117,5,4.3,199
Leeds,E00058741,63,34,54.0,33
Leeds,E00058742,125,19,15.2,180
Leeds,E00058743,116,74,63.8,50
Leeds,E00058744,137,94,68.6,61
Leeds,E00058745,125,86,68.8,47
Leeds,E00058746,103,61,59.2,52
Leeds,E00058747,117,16,13.7,148
Leeds,E00058748,93,54,58.1,51
Leeds,E00058749,134,58,43.3,118
Leeds,E00058750,115,49,42.6,85
Leeds,E00058751,115,74,64.3,50
Leeds,E00058752,147,97,66.0,57
Leeds,E00058753,141,73,51.8,92
Leeds,E00058754,124,58,46.8,80
Leeds,E00058755,129,76,58.9,67
Leeds,E00058756,92,49,53.3,49
Leeds,E00058757,135,55,40.7,91
Leeds,E00058759,89,42,47.2,56
Leeds,E00058760,113,88,77.9,29
Leeds,E00058761,71,24,33.8,56
Leeds,E00058762,126,76,60.3,70
Leeds,E00058764,124,45,36.3,106
Leeds,E00058765,121,33,27.3,125
Leeds,E00058766,134,87,64.9,51
Leeds,E00058767,129,27,20.9,155
Leeds,E00058768,131,83,63.4,59
Leeds,E00058769,149,92,61.7,70
Leeds,E00058770,121,58,47.9,83
Leeds,E00058771,127,26,20.5,169
Leeds,E00058772,100,21,21.0,122
Leeds,E00058773,111,59,53.2,63
Leeds,E00058774,121,50,41.3,87
Leeds,E00058775,109,36,33.0,99
Leeds,E00058776,146,77,52.7,87
Leeds,E00058777,99,20,20.2,100
Leeds,E00058778,121,62,51.2,71
Leeds,E00058779,109,48,44.0,78
Leeds,E00058780,150,72,48.0,109
Leeds,E00058781,136,83,61.0,61
Leeds,E00058782,128,68,53.1,82
Leeds,E00058783,122,57,46.7,76
Leeds,E00058784,158,105,66.5,62
Leeds,E00058785,141,104,73.8,39
Leeds,E00058786,75,29,38.7,54
Leeds,E00058787,131,63,48.1,83
Leeds,E00058788,165,138,83.6,29
Leeds,E00058789,122,46,37.7,100
Leeds,E00058790,139,80,57.6,72
Leeds,E00058791,134,55,41.0,101
Leeds,E00058792,126,46,36.5,111
Leeds,E00058793,131,59,45.0,92
Leeds,E00058794,141,69,48.9,92
Leeds,E00058795,138,56,40.6,103
Leeds,E00058796,113,52,46.0,75
Leeds,E00058797,125,51,40.8,88
Leeds,E00058798,96,31,32.3,89
Leeds,E00058799,115,62,53.9,65
Leeds,E00058800,82,48,58.5,56
Leeds,E00058801,95,43,45.3,88
Leeds,E00058802,75,46,61.3,37
Leeds,E00058803,89,54,60.7,44
Leeds,E00058805,136,101,74.3,40
Leeds,E00058806,172,117,68.0,68
Leeds,E00058807,177,132,74.6,50
Leeds,E00058808,194,126,64.9,75
Leeds,E00058809,173,102,59.0,85
Leeds,E00058810,138,78,56.5,89
Leeds,E00058811,106,60,56.6,85
Leeds,E00058812,179,113,63.1,100
Leeds,E00058813,88,48,54.5,57
Leeds,E00058814,79,42,53.2,56
Leeds,E00058815,85,59,69.4,43
Leeds,E00058816,158,100,63.3,63
Leeds,E00058817,224,125,55.8,152
Leeds,E00058818,137,70,51.1,86
Leeds,E00058821,135,72,53.3,98
Leeds,E00058823,71,42,59.2,44
Leeds,E00058826,64,28,43.8,69
Leeds,E00058827,47,16,34.0,47
Leeds,E00058828,79,33,41.8,98
Leeds,E00058829,90,66,73.3,26
Leeds,E00058830,53,28,52.8,30
Leeds,E00058831,42,18,42.9,34
Leeds,E00058832,133,74,55.6,76
Leeds,E00058833,69,46,66.7,30
Leeds,E00058834,86,57,66.3,40
Leeds,E00058836,73,44,60.3,32
Leeds,E00058837,144,110,76.4,57
Leeds,E00058838,211,161,76.3,53
Leeds,E00058839,79,59,74.7,26
Leeds,E00058840,117,75,64.1,48
Leeds,E00058842,197,153,77.7,59
Leeds,E00058843,87,48,55.2,45
Leeds,E00058844,89,50,56.2,44
Leeds,E00058847,93,57,61.3,44
Leeds,E00058849,149,108,72.5,49
Leeds,E00058850,99,60,60.6,48
Leeds,E00058851,86,57,66.3,32
Leeds,E00058852,82,55,67.1,41
Leeds,E00058853,100,56,56.0,59
Leeds,E00058854,176,121,68.8,67
Leeds,E00058855,140,89,63.6,65
Leeds,E00058856,111,87,78.4,32
Leeds,E00058858,124,73,58.9,62
Leeds,E00058859,76,54,71.1,27
Leeds,E00058861,107,82,76.6,26
Leeds,E00058862,99,59,59.6,49
Leeds,E00058864,207,147,71.0,67
Leeds,E00058865,171,127,74.3,45
Leeds,E00058866,68,51,75.0,18
Leeds,E00058867,98,69,70.4,30
Leeds,E00058869,105,74,70.5,32
Leeds,E00058870,174,125,71.8,62
Leeds,E00058871,97,75,77.3,28
Leeds,E00058872,101,61,60.4,56
Leeds,E00058873,102,85,83.3,20
Leeds,E00058874,135,99,73.3,38
Leeds,E00058875,100,73,73.0,28
Leeds,E00058876,121,79,65.3,48
Leeds,E00058877,167,126,75.4,60
Leeds,E00058878,124,77,62.1,56
Leeds,E00058879,119,80,67.2,47
Leeds,E00058880,185,133,71.9,63
Leeds,E00058881,150,85,56.7,82
Leeds,E00058884,45,21,46.7,30
Leeds,E00058885,78,31,39.7,62
Leeds,E00058887,189,52,27.5,167
Leeds,E00058889,83,33,39.8,66
Leeds,E00058890,96,49,51.0,61
Leeds,E00058891,105,21,20.0,117
Leeds,E00058892,71,22,31.0,79
Leeds,E00058893,126,45,35.7,112
Leeds,E00058894,144,37,25.7,148
Leeds,E00058895,76,11,14.5,101
Leeds,E00058896,102,34,33.3,109
Leeds,E00058897,101,23,22.8,132
Leeds,E00058898,109,15,13.8,157
Leeds,E00058899,56,31,55.4,40
Leeds,E00058900,113,26,23.0,127
Leeds,E00058902,222,35,15.8,316
Leeds,E00058903,170,83,48.8,110
Leeds,E00058904,151,18,11.9,206
Leeds,E00058905,112,36,32.1,117
Leeds,E00058906,100,11,11.0,142
Leeds,E00058907,147,29,19.7,169
Leeds,E00058909,75,19,25.3,79
Leeds,E00058910,132,31,23.5,164
Leeds,E00058911,201,103,51.2,145
Leeds,E00058912,177,82,46.3,110
Leeds,E00058913,66,7,10.6,80
Leeds,E00058914,160,56,35.0,135
Leeds,E00058915,88,13,14.8,101
Leeds,E00058917,149,32,21.5,161
Leeds,E00058918,87,48,55.2,47
Leeds,E00058919,152,32,21.1,196
Leeds,E00058920,78,55,70.5,31
Leeds,E00058921,98,19,19.4,121
Leeds,E00058922,88,49,55.7,52
Leeds,E00058923,132,37,28.0,120
Leeds,E00058924,117,20,17.1,141
Leeds,E00058925,118,33,28.0,114
Leeds,E00058926,149,54,36.2,149
Leeds,E00058927,77,15,19.5,91
Leeds,E00058928,112,36,32.1,114
Leeds,E00058929,113,28,24.8,118
Leeds,E00058930,101,39,38.6,93
Leeds,E00058931,83,13,15.7,140
Leeds,E00058932,127,41,32.3,110
Leeds,E00058933,123,49,39.8,98
Leeds,E00058934,108,17,15.7,140
Leeds,E00058935,137,77,56.2,77
Leeds,E00058936,98,28,28.6,92
Leeds,E00058937,123,61,49.6,81
Leeds,E00058938,96,44,45.8,69
Leeds,E00058939,119,75,63.0,50
Leeds,E00058940,86,29,33.7,82
Leeds,E00058941,96,32,33.3,101
Leeds,E00058942,112,9,8.0,181
Leeds,E00058943,91,15,16.5,127
Leeds,E00058944,123,17,13.8,166
Leeds,E00058945,123,13,10.6,189
Leeds,E00058947,154,16,10.4,225
Leeds,E00058948,101,15,14.9,138
Leeds,E00058949,117,42,35.9,102
Leeds,E00058950,128,26,20.3,157
Leeds,E00058951,133,31,23.3,144
Leeds,E00058952,161,94,58.4,75
Leeds,E00058953,119,57,47.9,82
Leeds,E00058954,124,56,45.2,84
Leeds,E00058955,129,28,21.7,148
Leeds,E00058956,70,15,21.4,86
Leeds,E00058957,148,20,13.5,214
Leeds,E00058958,119,48,40.3,86
Leeds,E00058959,122,13,10.7,162
Leeds,E00058960,92,13,14.1,126
Leeds,E00058961,149,4,2.7,260
Leeds,E00058962,138,5,3.6,250
Leeds,E00058963,127,4,3.1,228
Leeds,E00058964,156,6,3.8,284
Leeds,E00058965,177,2,1.1,420
Leeds,E00058966,141,23,16.3,199
Leeds,E00058967,146,8,5.5,267
Leeds,E00058968,155,10,6.5,250
Leeds,E00058969,108,4,3.7,181
Leeds,E00058970,118,21,17.8,158
Leeds,E00058971,158,23,14.6,233
Leeds,E00058972,124,11,8.9,188
Leeds,E00058973,135,13,9.6,208
Leeds,E00058974,137,33,24.1,173
Leeds,E00058975,138,41,29.7,136
Leeds,E00058976,139,34,24.5,164
Leeds,E00058977,125,14,11.2,179
Leeds,E00058978,120,12,10.0,189
Leeds,E00058979,121,35,28.9,122
Leeds,E00058980,123,12,9.8,173
Leeds,E00058981,131,4,3.1,226
Leeds,E00058982,132,19,14.4,201
Leeds,E00058983,124,18,14.5,182
Leeds,E00058984,131,12,9.2,234
Leeds,E00058985,73,12,16.4,127
Leeds,E00058986,134,6,4.5,232
Leeds,E00058987,124,31,25.0,147
Leeds,E00058988,126,19,15.1,164
Leeds,E00058989,152,4,2.6,282
Leeds,E00058990,115,2,1.7,207
Leeds,E00058991,123,25,20.3,145
Leeds,E00058992,115,11,9.6,183
Leeds,E00058993,113,18,15.9,151
Leeds,E00058994,133,2,1.5,274
Leeds,E00058995,138,8,5.8,264
Leeds,E00058996,129,8,6.2,267
Leeds,E00058997,117,4,3.4,195
Leeds,E00058998,131,1,0.8,277
Leeds,E00058999,115,17,14.8,192
Leeds,E00059000,117,13,11.1,169
Leeds,E00059001,120,9,7.5,197
Leeds,E00059002,131,4,3.1,222
Leeds,E00059003,114,31,27.2,126
Leeds,E00059004,115,14,12.2,178
Leeds,E00059005,133,3,2.3,282
Leeds,E00059006,111,9,8.1,198
Leeds,E00059007,112,8,7.1,174
Leeds,E00059008,131,11,8.4,221
Leeds,E00059010,96,7,7.3,157
Leeds,E00059011,143,29,20.3,175
Leeds,E00059012,116,7,6.0,192
Leeds,E00059013,145,18,12.4,196
Leeds,E00059014,153,25,16.3,193
Leeds,E00059015,158,7,4.4,270
Leeds,E00059016,117,4,3.4,231
Leeds,E00059017,93,32,34.4,93
Leeds,E00059018,155,43,27.7,151
Leeds,E00059019,127,45,35.4,118
Leeds,E00059020,120,6,5.0,213
Leeds,E00059021,103,6,5.8,177
Leeds,E00059022,120,5,4.2,202
Leeds,E00059023,126,13,10.3,202
Leeds,E00059024,126,5,4.0,213
Leeds,E00059025,134,10,7.5,206
Leeds,E00059026,106,14,13.2,157
Leeds,E00059027,118,18,15.3,138
Leeds,E00059028,114,12,10.5,154
Leeds,E00059029,122,29,23.8,142
Leeds,E00059030,120,10,8.3,186
Leeds,E00059031,107,5,4.7,192
Leeds,E00059032,129,24,18.6,158
Leeds,E00059033,108,7,6.5,160
Leeds,E00059034,119,10,8.4,169
Leeds,E00059035,133,60,45.1,88
Leeds,E00059036,160,38,23.8,158
Leeds,E00059037,114,2,1.8,209
Leeds,E00059038,108,2,1.9,203
Leeds,E00059039,107,4,3.7,194
Leeds,E00059040,150,47,31.3,153
Leeds,E00059041,132,38,28.8,125
Leeds,E00059042,116,36,31.0,114
Leeds,E00059043,111,45,40.5,85
Leeds,E00059044,132,39,29.5,119
Leeds,E00059045,130,10,7.7,204
Leeds,E00059047,102,50,49.0,76
Leeds,E00059048,119,53,44.5,83
Leeds,E00059049,123,39,31.7,107
Leeds,E00059050,138,77,55.8,70
Leeds,E00059051,221,142,64.3,98
Leeds,E00059052,117,40,34.2,92
Leeds,E00059053,122,48,39.3,98
Leeds,E00059054,133,8,6.0,226
Leeds,E00059055,122,16,13.1,151
Leeds,E00059056,118,45,38.1,94
Leeds,E00059057,135,14,10.4,197
Leeds,E00059058,121,26,21.5,120
Leeds,E00059059,116,11,9.5,182
Leeds,E00059060,115,10,8.7,180
Leeds,E00059061,131,89,67.9,53
Leeds,E00059062,113,41,36.3,116
Leeds,E00059063,127,37,29.1,134
Leeds,E00059064,124,16,12.9,179
Leeds,E00059065,140,42,30.0,159
Leeds,E00059066,129,51,39.5,92
Leeds,E00059067,107,56,52.3,64
Leeds,E00059068,137,22,16.1,171
Leeds,E00059069,112,36,32.1,98
Leeds,E00059070,111,20,18.0,146
Leeds,E00059071,110,38,34.5,100
Leeds,E00059072,132,47,35.6,111
Leeds,E00059073,114,52,45.6,73
Leeds,E00059074,119,57,47.9,73
Leeds,E00059075,117,39,33.3,101
Leeds,E00059076,127,60,47.2,87
Leeds,E00059077,120,72,60.0,56
Leeds,E00059078,103,45,43.7,76
Leeds,E00059079,55,30,54.5,28
Leeds,E00059080,121,43,35.5,97
Leeds,E00059081,120,55,45.8,81
Leeds,E00059082,185,49,26.5,199
Leeds,E00059083,123,54,43.9,89
Leeds,E00059084,124,54,43.5,84
Leeds,E00059085,120,55,45.8,80
Leeds,E00059086,97,40,41.2,71
Leeds,E00059087,122,35,28.7,114
Leeds,E00059088,133,56,42.1,103
Leeds,E00059089,118,51,43.2,95
Leeds,E00059090,169,61,36.1,139
Leeds,E00059091,151,71,47.0,102
Leeds,E00059092,168,67,39.9,121
Leeds,E00059093,118,61,51.7,66
Leeds,E00059094,130,11,8.5,174
Leeds,E00059095,122,26,21.3,135
Leeds,E00059096,127,36,28.3,120
Leeds,E00059097,122,12,9.8,182
Leeds,E00059098,50,3,6.0,94
Leeds,E00059099,118,29,24.6,123
Leeds,E00059100,96,5,5.2,165
Leeds,E00059101,119,9,7.6,165
Leeds,E00059102,144,7,4.9,248
Leeds,E00059103,129,12,9.3,203
Leeds,E00059104,117,18,15.4,160
Leeds,E00059105,123,18,14.6,164
Leeds,E00059106,144,14,9.7,198
Leeds,E00059107,148,19,12.8,217
Leeds,E00059108,142,23,16.2,176
Leeds,E00059109,142,76,53.5,79
Leeds,E00059110,135,69,51.1,80
Leeds,E00059111,145,27,18.6,189
Leeds,E00059112,144,71,49.3,94
Leeds,E00059113,135,68,50.4,98
Leeds,E00059114,91,10,11.0,128
Leeds,E00059115,116,18,15.5,151
Leeds,E00059116,100,30,30.0,115
Leeds,E00059117,130,70,53.8,72
Leeds,E00059118,133,73,54.9,73
Leeds,E00059119,126,60,47.6,81
Leeds,E00059120,134,30,22.4,157
Leeds,E00059121,131,24,18.3,157
Leeds,E00059122,138,49,35.5,114
Leeds,E00059123,136,27,19.9,143
Leeds,E00059124,185,27,14.6,225
Leeds,E00059125,212,64,30.2,213
Leeds,E00059126,111,11,9.9,166
Leeds,E00059127,141,96,68.1,49
Leeds,E00059128,134,54,40.3,97
Leeds,E00059129,155,72,46.5,121
Leeds,E00059130,130,25,19.2,144
Leeds,E00059131,127,53,41.7,98
Leeds,E00059132,99,16,16.2,122
Leeds,E00059133,97,19,19.6,110
Leeds,E00059134,134,45,33.6,112
Leeds,E00059135,105,66,62.9,52
Leeds,E00059136,99,24,24.2,114
Leeds,E00059137,114,53,46.5,72
Leeds,E00059138,93,39,41.9,59
Leeds,E00059139,110,44,40.0,87
Leeds,E00059140,107,27,25.2,108
Leeds,E00059141,110,38,34.5,102
Leeds,E00059142,112,38,33.9,106
Leeds,E00059143,120,24,20.0,133
Leeds,E00059144,129,27,20.9,144
Leeds,E00059146,113,24,21.2,132
Leeds,E00059147,132,69,52.3,77
Leeds,E00059148,115,37,32.2,96
Leeds,E00059149,139,49,35.3,125
Leeds,E00059150,120,34,28.3,108
Leeds,E00059151,141,35,24.8,155
Leeds,E00059152,139,27,19.4,166
Leeds,E00059153,119,19,16.0,150
Leeds,E00059154,99,15,15.2,152
Leeds,E00059155,122,66,54.1,67
Leeds,E00059156,135,65,48.1,90
Leeds,E00059157,62,5,8.1,102
Leeds,E00059158,117,50,42.7,91
Leeds,E00059159,128,75,58.6,70
Leeds,E00059160,114,19,16.7,148
Leeds,E00059161,91,14,15.4,132
Leeds,E00059163,94,6,6.4,131
Leeds,E00059164,85,14,16.5,119
Leeds,E00059165,126,26,20.6,148
Leeds,E00059166,112,23,20.5,133
Leeds,E00059167,118,37,31.4,104
Leeds,E00059168,136,25,18.4,165
Leeds,E00059169,107,12,11.2,155
Leeds,E00059170,83,8,9.6,126
Leeds,E00059171,115,48,41.7,93
Leeds,E00059172,114,68,59.6,49
Leeds,E00059173,113,58,51.3,60
Leeds,E00059174,123,26,21.1,133
Leeds,E00059175,106,47,44.3,72
Leeds,E00059176,143,71,49.7,83
Leeds,E00059177,123,4,3.3,201
Leeds,E00059178,128,62,48.4,87
Leeds,E00059179,134,72,53.7,76
Leeds,E00059180,137,13,9.5,193
Leeds,E00059181,129,67,51.9,75
Leeds,E00059182,123,53,43.1,88
Leeds,E00059183,139,79,56.8,71
Leeds,E00059184,124,67,54.0,76
Leeds,E00059185,131,28,21.4,152
Leeds,E00059186,127,53,41.7,104
Leeds,E00059187,101,53,52.5,58
Leeds,E00059188,129,75,58.1,69
Leeds,E00165673,75,5,6.7,110
Leeds,E00165674,131,50,38.2,107
Leeds,E00165675,76,28,36.8,72
Leeds,E00165676,140,21,15.0,188
Leeds,E00165677,179,33,18.4,221
Leeds,E00165678,62,34,54.8,36
Leeds,E00165679,152,73,48.0,104
Leeds,E00165680,150,25,16.7,197
Leeds,E00165681,145,72,49.7,101
Leeds,E00165682,95,26,27.4,88
Leeds,E00165683,133,36,27.1,136
Leeds,E00165684,151,17,11.3,200
Leeds,E00165685,84,32,38.1,74
Leeds,E00165686,108,31,28.7,119
Leeds,E00165687,173,36,20.8,192
Leeds,E00165688,58,5,8.6,91
Leeds,E00165689,65,34,52.3,38
Leeds,E00165690,158,42,26.6,143
Leeds,E00165691,196,14,7.1,292
Leeds,E00165692,112,66,58.9,56
Leeds,E00165693,137,37,27.0,155
Leeds,E00165694,134,85,63.4,60
Leeds,E00165695,158,29,18.4,197
Leeds,E00165696,93,4,4.3,174
Leeds,E00169576,111,14,12.6,141
Leeds,E00169578,109,11,10.1,150
Leeds,E00169579,107,13,12.1,161
Leeds,E00169581,110,5,4.5,178
Leeds,E00169583,88,15,17.0,128
Leeds,E00169584,110,14,12.7,143
Leeds,E00169586,117,15,12.8,168
Leeds,E00169587,126,80,63.5,57
Leeds,E00169589,97,3,3.1,163
Leeds,E00169590,113,4,3.5,186
Leeds,E00169592,112,5,4.5,175
Leeds,E00169593,116,11,9.5,143
Leeds,E00169595,83,10,12.0,100
Leeds,E00169597,84,2,2.4,159
Leeds,E00169598,136,91,66.9,49
Leeds,E00169600,125,70,56.0,67
Leeds,E00169601,47,27,57.4,30
Leeds,E00169603,111,39,35.1,133
Leeds,E00169604,40,13,32.5,51
Leeds,E00169606,63,31,49.2,55
Leeds,E00169607,145,80,55.2,79
Leeds,E00169609,93,55,59.1,64
Leeds,E00169611,104,47,45.2,77
Leeds,E00169612,126,69,54.8,106
Leeds,E00169614,166,116,69.9,54
Leeds,E00169615,93,54,58.1,57
Leeds,E00169617,98,35,35.7,74
Leeds,E00169618,161,78,48.4,111
Leeds,E00169620,120,53,44.2,91
Leeds,E00169621,129,101,78.3,30
Leeds,E00169623,162,111,68.5,61
Leeds,E00169625,125,94,75.2,34
Leeds,E00169626,238,149,62.6,99
Leeds,E00169628,209,129,61.7,96
Leeds,E00169629,230,181,78.7,50
Leeds,E00169738,124,68,54.8,67
Leeds,E00169739,115,48,41.7,89
Leeds,E00169740,95,43,45.3,64
Leeds,E00169741,89,48,53.9,54
Leeds,E00169742,116,65,56.0,59
Leeds,E00169743,134,99,73.9,41
Leeds,E00169744,140,95,67.9,55
Leeds,E00169745,69,37,53.6,42
Leeds,E00169746,94,76,80.9,23
Leeds,E00169747,43,28,65.1,20
Leeds,E00169748,49,23,46.9,32
Leeds,E00169749,131,16,12.2,188
Leeds,E00169750,139,22,15.8,162
Leeds,E00169751,98,65,66.3,38
Leeds,E00169752,50,31,62.0,21
Leeds,E00169753,103,53,51.5,63
Leeds,E00169754,99,46,46.5,71
Leeds,E00169755,124,53,42.7,87
Leeds,E00169780,130,82,63.1,55
Leeds,E00169782,79,53,67.1,30
Leeds,E00169783,123,61,49.6,67
Leeds,E00169785,90,72,80.0,21
Leeds,E00169786,100,82,82.0,21
Leeds,E00169788,155,123,79.4,35
Leeds,E00169789,111,50,45.0,74
Leeds,E00169791,111,56,50.5,64
Leeds,E00169792,99,48,48.5,60
Leeds,E00169794,179,85,47.5,115
Leeds,E00169796,141,87,61.7,64
Leeds,E00169797,101,84,83.2,21
Leeds,E00169799,104,44,42.3,76
Leeds,E00169800,128,75,58.6,64
Leeds,E00169802,155,75,48.4,87
Leeds,E00169803,116,52,44.8,82
Leeds,E00169805,124,53,42.7,87
Leeds,E00169806,96,68,70.8,32
Leeds,E00169808,141,80,56.7,84
Leeds,E00169810,152,97,63.8,62
Leeds,E00169811,154,76,49.4,93
Leeds,E00169813,140,90,64.3,55
Leeds,E00169814,69,31,44.9,49
Leeds,E00169816,173,76,43.9,113
Leeds,E00169817,129,51,39.5,92
Leeds,E00170032,85,45,52.9,43
Leeds,E00170034,177,99,55.9,85
Leeds,E00170035,113,67,59.3,56
Leeds,E00170037,197,118,59.9,94
Leeds,E00170038,116,64,55.2,59
Leeds,E00170040,190,107,56.3,104
Leeds,E00170041,55,21,38.2,42
Leeds,E00170043,64,39,60.9,33
Leeds,E00170044,55,36,65.5,20
Leeds,E00170046,91,47,51.6,49
Leeds,E00170048,59,44,74.6,17
Leeds,E00170049,119,88,73.9,31
Leeds,E00170051,136,94,69.1,50
Leeds,E00170052,96,78,81.2,19
Leeds,E00170054,117,42,35.9,85
Leeds,E00170055,147,49,33.3,122
Leeds,E00170057,116,32,27.6,99
Leeds,E00170058,170,114,67.1,65
Leeds,E00170259,80,46,57.5,39
Leeds,E00170261,139,72,51.8,79
Leeds,E00170262,343,154,44.9,212
Leeds,E00170264,131,76,58.0,63
Leeds,E00170265,172,93,54.1,98
Leeds,E00170267,173,95,54.9,97
Leeds,E00170268,211,148,70.1,74
Leeds,E00170270,104,57,54.8,53
Leeds,E00170271,98,71,72.4,31
Leeds,E00170273,183,119,65.0,76
Leeds,E00170275,207,118,57.0,96
Leeds,E00170276,111,70,63.1,53
Leeds,E00170278,57,25,43.9,41
Leeds,E00170326,135,49,36.3,107
Leeds,E00170327,144,88,61.1,64
Leeds,E00170329,169,88,52.1,93
Leeds,E00170331,279,120,43.0,179
Leeds,E00170332,123,78,63.4,46
Leeds,E00170433,108,63,58.3,49
Leeds,E00170435,126,17,13.5,183
Leeds,E00170436,108,16,14.8,142
Leeds,E00170438,92,36,39.1,81
Leeds,E00170439,104,12,11.5,161
Leeds,E00170441,107,12,11.2,142
Leeds,E00170443,121,15,12.4,159
Leeds,E00170444,124,12,9.7,182
Leeds,E00170446,86,43,50.0,55
Leeds,E00170447,112,39,34.8,94
Leeds,E00170449,125,22,17.6,125
Leeds,E00170450,123,33,26.8,124
Leeds,E00170452,122,44,36.1,96
Leeds,E00170453,116,45,38.8,85
Leeds,E00170455,110,52,47.3,81
Leeds,E00170457,129,72,55.8,73
Leeds,E00170458,111,40,36.0,79
Leeds,E00170459,132,11,8.3,187
Leeds,E00170460,96,13,13.5,133
Leeds,E00170461,134,7,5.2,192
Leeds,E00170462,112,12,10.7,131
Leeds,E00170463,88,9,10.2,129
Leeds,E00170464,102,12,11.8,140
Leeds,E00170465,134,9,6.7,199
Leeds,E00170466,117,56,47.9,66
Leeds,E00170467,115,45,39.1,94
Leeds,E00170468,85,21,24.7,102
Leeds,E00170469,102,4,3.9,166
Leeds,E00170470,94,9,9.6,115
Leeds,E00170471,115,3,2.6,189
Leeds,E00170472,120,13,10.8,155
Leeds,E00170473,120,7,5.8,177
Leeds,E00170474,100,48,48.0,62
Leeds,E00170475,104,36,34.6,77
Leeds,E00170476,112,51,45.5,74
Leeds,E00170564,108,15,13.9,153
Leeds,E00170565,104,5,4.8,146
Leeds,E00170567,110,7,6.4,171
Leeds,E00170568,90,42,46.7,62
Leeds,E00170570,108,10,9.3,163
Leeds,E00170572,107,22,20.6,129
Leeds,E00170573,120,9,7.5,133
Leeds,E00170575,122,8,6.6,212
Leeds,E00170576,118,6,5.1,165
Leeds,E00170578,105,29,27.6,100
Leeds,E00170579,103,10,9.7,139
Leeds,E00170581,107,59,55.1,61
Leeds,E00170582,136,83,61.0,111
Leeds,E00170584,89,44,49.4,61
Leeds,E00170586,115,72,62.6,63
Leeds,E00170587,104,12,11.5,132
Leeds,E00170589,116,11,9.5,165
Leeds,E00170590,107,10,9.3,148
Leeds,E00170592,95,8,8.4,127
Leeds,E00170593,73,8,11.0,118
Leeds,E00170595,120,12,10.0,177
Leeds,E00170596,71,28,39.4,48
Leeds,E00170598,127,31,24.4,137
Leeds,E00170600,114,75,65.8,45
Leeds,E00170601,146,98,67.1,60
Leeds,E00170603,118,81,68.6,51
Leeds,E00170604,239,163,68.2,81
Leeds,E00170606,168,14,8.3,190
Leeds,E00170607,281,180,64.1,112
Leeds,E00170609,110,58,52.7,59
Leeds,E00170610,158,64,40.5,107
Leeds,E00170612,140,81,57.9,66
Leeds,E00170614,234,164,70.1,77
Leeds,E00170615,96,9,9.4,119
Leeds,E00170617,153,71,46.4,88
Leeds,E00170618,111,45,40.5,88
Leeds,E00170620,152,78,51.3,82
Leeds,E00170621,92,38,41.3,80
Leeds,E00170623,85,31,36.5,71
Leeds,E00170887,103,13,12.6,151
Leeds,E00170888,116,6,5.2,173
Leeds,E00170889,160,16,10.0,260
Leeds,E00170890,102,20,19.6,104
