City_name,area_code,All_usual,75_84,85_89,90_plus,Mean_Age
Leeds,E00056750,279,20,5,2,41.7
Leeds,E00056751,296,15,0,1,37.3
Leeds,E00056752,407,31,5,3,41.8
Leeds,E00056753,246,46,26,13,58.5
Leeds,E00056754,272,10,4,0,37.4
Leeds,E00056755,312,13,3,1,40.8
Leeds,E00056756,371,15,4,18,36.8
Leeds,E00056757,292,8,4,2,38.4
Leeds,E00056758,342,6,0,2,35.5
Leeds,E00056759,255,8,1,0,36.9
Leeds,E00056760,278,5,3,0,38.8
Leeds,E00056761,257,13,2,2,39.0
Leeds,E00056762,482,17,5,2,35.7
Leeds,E00056763,336,13,0,1,40.2
Leeds,E00056764,371,18,0,1,40.9
Leeds,E00056765,342,27,8,1,43.9
Leeds,E00056766,270,33,13,9,45.7
Leeds,E00056767,259,29,7,3,52.4
Leeds,E00056768,271,20,4,2,41.5
Leeds,E00056769,297,10,3,0,33.5
Leeds,E00056770,303,21,2,0,43.7
Leeds,E00056771,281,14,5,1,43.5
Leeds,E00056772,356,19,0,1,37.7
Leeds,E00056773,310,11,1,0,38.9
Leeds,E00056774,177,15,1,0,55.6
Leeds,E00056775,279,18,6,0,41.4
Leeds,E00056776,295,43,23,23,51.0
Leeds,E00056777,261,17,1,2,40.6
Leeds,E00056778,106,6,1,0,43.4
Leeds,E00056779,330,27,1,0,45.0
Leeds,E00056780,154,24,1,0,52.3
Leeds,E00056781,314,18,3,2,40.8
Leeds,E00056782,284,24,6,5,47.6
Leeds,E00056783,299,9,2,0,34.4
Leeds,E00056784,235,8,4,0,34.4
Leeds,E00056786,270,40,16,2,46.3
Leeds,E00056787,203,9,2,3,39.8
Leeds,E00056788,266,21,2,0,36.3
Leeds,E00056789,326,42,15,6,46.2
Leeds,E00056790,405,31,10,0,43.7
Leeds,E00056792,331,22,4,0,34.8
Leeds,E00056793,304,16,9,1,42.1
Leeds,E00056794,291,36,2,1,47.9
Leeds,E00056795,294,19,3,2,38.1
Leeds,E00056796,256,18,3,1,39.1
Leeds,E00056797,262,11,1,1,39.5
Leeds,E00056798,229,19,5,0,47.0
Leeds,E00056799,284,11,6,2,37.8
Leeds,E00056800,289,57,19,19,53.8
Leeds,E00056801,254,15,6,3,42.2
Leeds,E00056802,324,30,5,0,44.0
Leeds,E00056803,275,16,3,0,43.0
Leeds,E00056804,301,12,5,1,38.5
Leeds,E00056805,318,37,14,14,47.2
Leeds,E00056806,239,25,13,4,46.6
Leeds,E00056807,285,10,4,2,40.4
Leeds,E00056808,258,3,0,1,44.4
Leeds,E00056809,270,19,5,0,42.9
Leeds,E00056810,259,9,1,2,37.6
Leeds,E00056811,360,23,4,1,39.4
Leeds,E00056812,299,23,10,2,44.6
Leeds,E00056813,310,12,4,0,41.6
Leeds,E00056814,258,15,2,3,39.2
Leeds,E00056815,296,2,2,1,34.4
Leeds,E00056816,311,36,14,8,45.1
Leeds,E00056817,310,32,6,1,47.9
Leeds,E00056818,196,6,2,0,37.2
Leeds,E00056819,221,19,14,2,46.6
Leeds,E00056820,248,19,4,2,39.7
Leeds,E00056821,211,19,3,6,46.7
Leeds,E00056822,438,10,0,1,34.5
Leeds,E00056823,310,27,11,1,41.0
Leeds,E00056825,232,11,3,2,43.3
Leeds,E00056827,235,8,2,4,35.3
Leeds,E00056828,219,17,6,0,43.6
Leeds,E00056829,252,8,4,4,37.5
Leeds,E00056830,338,17,2,0,31.9
Leeds,E00056831,244,21,3,1,42.5
Leeds,E00056832,256,8,4,1,41.1
Leeds,E00056833,260,4,1,0,32.2
Leeds,E00056834,402,2,0,1,35.6
Leeds,E00056835,326,28,5,1,43.7
Leeds,E00056836,274,13,8,2,39.7
Leeds,E00056837,230,13,2,1,42.6
Leeds,E00056838,288,8,2,2,38.1
Leeds,E00056839,401,11,3,0,30.8
Leeds,E00056840,373,20,0,2,33.5
Leeds,E00056841,289,6,1,2,35.9
Leeds,E00056842,325,25,3,0,41.8
Leeds,E00056843,370,14,5,0,39.5
Leeds,E00056845,293,14,4,1,34.9
Leeds,E00056846,348,10,1,0,34.1
Leeds,E00056847,328,39,12,4,45.8
Leeds,E00056848,257,16,3,3,36.9
Leeds,E00056849,278,18,4,5,39.1
Leeds,E00056850,308,8,0,0,30.1
Leeds,E00056851,297,7,3,0,35.1
Leeds,E00056852,419,9,5,1,33.2
Leeds,E00056853,305,11,2,2,35.3
Leeds,E00056854,254,10,0,0,31.7
Leeds,E00056855,232,7,0,0,32.8
Leeds,E00056856,291,6,1,0,29.0
Leeds,E00056858,247,3,0,0,29.3
Leeds,E00056859,253,5,1,0,28.8
Leeds,E00056861,270,8,2,2,38.6
Leeds,E00056862,396,41,6,1,42.8
Leeds,E00056863,243,11,4,2,42.5
Leeds,E00056864,304,30,5,0,43.8
Leeds,E00056865,291,9,0,0,38.4
Leeds,E00056866,243,27,3,2,50.8
Leeds,E00056867,301,9,2,0,34.6
Leeds,E00056868,312,23,2,2,39.6
Leeds,E00056869,332,20,4,3,39.6
Leeds,E00056871,216,9,0,1,34.1
Leeds,E00056873,327,4,1,0,32.6
Leeds,E00056874,409,15,2,0,33.5
Leeds,E00056875,249,13,1,0,36.7
Leeds,E00056876,395,8,0,3,34.2
Leeds,E00056877,254,28,14,13,50.9
Leeds,E00056878,310,17,4,1,38.5
Leeds,E00056879,263,6,3,0,32.2
Leeds,E00056880,256,5,1,1,32.2
Leeds,E00056881,175,6,0,2,34.8
Leeds,E00056882,289,6,1,1,33.2
Leeds,E00056883,286,28,8,2,47.1
Leeds,E00056884,355,13,9,6,35.0
Leeds,E00056885,276,10,0,0,32.2
Leeds,E00056886,148,16,6,0,49.7
Leeds,E00056887,417,12,0,0,34.3
Leeds,E00056888,203,3,0,2,30.8
Leeds,E00056889,297,0,0,0,27.8
Leeds,E00056890,264,6,1,0,33.8
Leeds,E00056891,214,23,3,3,41.7
Leeds,E00056892,289,4,0,0,31.4
Leeds,E00056893,325,6,1,0,28.8
Leeds,E00056894,407,13,2,2,30.9
Leeds,E00056895,184,26,9,5,50.8
Leeds,E00056897,247,15,8,10,38.7
Leeds,E00056898,310,20,4,3,34.6
Leeds,E00056899,290,14,0,2,33.9
Leeds,E00056900,198,11,3,3,39.7
Leeds,E00056901,203,29,5,2,50.7
Leeds,E00056902,294,1,0,0,24.7
Leeds,E00056903,424,12,3,0,34.8
Leeds,E00056904,287,36,17,13,47.0
Leeds,E00056905,258,21,1,1,43.2
Leeds,E00056906,338,16,3,0,38.3
Leeds,E00056907,235,9,3,1,39.3
Leeds,E00056908,177,7,0,0,39.0
Leeds,E00056909,385,0,0,0,27.3
Leeds,E00056910,214,15,4,1,38.9
Leeds,E00056911,220,11,1,1,38.3
Leeds,E00056912,315,18,2,3,37.2
Leeds,E00056913,353,14,4,0,40.2
Leeds,E00056914,294,16,4,0,39.2
Leeds,E00056915,308,18,1,2,36.8
Leeds,E00056916,165,29,8,5,50.3
Leeds,E00056917,310,13,1,0,40.3
Leeds,E00056918,357,21,3,0,44.0
Leeds,E00056919,248,34,4,1,55.4
Leeds,E00056920,368,18,7,1,42.3
Leeds,E00056921,361,8,0,0,39.5
Leeds,E00056922,282,20,3,1,43.0
Leeds,E00056923,292,23,8,1,48.7
Leeds,E00056924,311,11,3,1,35.4
Leeds,E00056925,304,8,2,1,33.6
Leeds,E00056926,223,21,7,6,44.5
Leeds,E00056927,387,9,0,2,37.9
Leeds,E00056928,260,31,10,7,58.6
Leeds,E00056929,305,20,5,1,46.4
Leeds,E00056930,275,20,7,2,39.5
Leeds,E00056931,322,9,4,0,41.0
Leeds,E00056932,299,14,3,9,43.6
Leeds,E00056933,276,12,6,0,39.1
Leeds,E00056934,247,8,2,1,36.4
Leeds,E00056935,225,13,5,0,37.7
Leeds,E00056936,288,20,4,0,38.7
Leeds,E00056937,160,22,8,6,44.2
Leeds,E00056938,305,11,3,0,37.4
Leeds,E00056939,347,9,1,1,34.0
Leeds,E00056940,309,11,2,4,38.0
Leeds,E00056941,405,14,6,1,35.3
Leeds,E00056942,330,7,1,1,39.4
Leeds,E00056943,348,13,2,0,38.8
Leeds,E00056944,238,33,5,5,56.2
Leeds,E00056945,283,9,6,3,36.9
Leeds,E00056946,341,18,2,0,40.0
Leeds,E00056947,335,18,1,2,41.5
Leeds,E00056948,337,13,2,2,38.4
Leeds,E00056949,167,28,8,6,50.7
Leeds,E00056950,265,27,4,2,48.0
Leeds,E00056951,274,26,10,2,50.1
Leeds,E00056952,288,25,4,3,49.7
Leeds,E00056953,260,38,7,5,52.5
Leeds,E00056954,279,19,0,2,42.2
Leeds,E00056955,312,26,6,1,43.4
Leeds,E00056956,240,30,8,3,51.5
Leeds,E00056957,280,25,5,1,42.7
Leeds,E00056958,311,35,6,8,47.2
Leeds,E00056959,181,18,0,1,46.0
Leeds,E00056960,394,34,1,3,45.6
Leeds,E00056961,323,10,2,3,42.8
Leeds,E00056962,355,12,4,0,40.3
Leeds,E00056963,384,7,0,0,34.2
Leeds,E00056964,340,15,1,0,34.0
Leeds,E00056965,296,28,2,1,43.7
Leeds,E00056966,279,31,11,5,49.1
Leeds,E00056967,239,3,0,0,27.2
Leeds,E00056968,411,32,5,1,43.7
Leeds,E00056969,242,26,3,0,47.0
Leeds,E00056970,326,19,2,0,39.7
Leeds,E00056971,215,21,9,0,47.6
Leeds,E00056972,172,2,0,0,36.0
Leeds,E00056973,231,2,1,0,31.8
Leeds,E00056974,325,31,11,3,44.7
Leeds,E00056975,355,21,5,3,42.6
Leeds,E00056976,439,32,4,0,41.8
Leeds,E00056977,238,12,2,0,40.3
Leeds,E00056978,289,18,5,3,43.9
Leeds,E00056979,344,6,0,0,33.1
Leeds,E00056981,304,23,2,2,39.5
Leeds,E00056982,336,21,8,11,41.7
Leeds,E00056983,307,14,2,1,42.1
Leeds,E00056984,264,31,13,3,43.6
Leeds,E00056985,287,15,2,2,46.3
Leeds,E00056986,312,12,4,0,36.7
Leeds,E00056987,317,15,4,1,42.4
Leeds,E00056988,337,35,18,10,44.5
Leeds,E00056989,335,6,3,4,33.3
Leeds,E00056990,255,10,2,1,37.4
Leeds,E00056991,355,18,4,0,42.8
Leeds,E00056992,363,5,0,0,28.0
Leeds,E00056993,336,15,1,0,34.1
Leeds,E00056994,324,16,3,2,39.0
Leeds,E00056995,305,5,5,2,32.8
Leeds,E00056997,262,8,2,0,30.5
Leeds,E00056998,524,11,0,0,28.4
Leeds,E00056999,291,11,3,0,33.4
Leeds,E00057000,279,7,3,1,32.8
Leeds,E00057001,365,13,6,2,33.6
Leeds,E00057002,239,15,0,1,40.7
Leeds,E00057003,310,22,6,0,40.7
Leeds,E00057004,190,19,2,2,43.6
Leeds,E00057005,195,21,7,6,42.3
Leeds,E00057006,242,26,6,2,44.9
Leeds,E00057007,273,25,9,4,47.3
Leeds,E00057008,245,11,3,1,40.7
Leeds,E00057009,327,11,2,1,34.1
Leeds,E00057010,257,9,3,0,41.2
Leeds,E00057011,430,12,8,4,39.0
Leeds,E00057012,342,16,1,0,29.8
Leeds,E00057013,139,3,1,0,32.1
Leeds,E00057014,417,12,3,1,29.7
Leeds,E00057015,257,1,0,1,28.5
Leeds,E00057016,343,11,3,0,32.5
Leeds,E00057017,309,9,2,2,34.2
Leeds,E00057018,243,10,1,2,31.8
Leeds,E00057019,304,30,6,2,42.4
Leeds,E00057020,270,6,0,0,29.9
Leeds,E00057021,289,15,1,1,35.2
Leeds,E00057022,288,11,2,0,32.6
Leeds,E00057023,312,8,1,1,30.5
Leeds,E00057024,328,27,7,8,41.2
Leeds,E00057025,305,14,1,0,34.2
Leeds,E00057026,307,29,5,0,41.2
Leeds,E00057027,390,12,0,0,32.8
Leeds,E00057028,317,3,0,0,30.0
Leeds,E00057029,376,6,0,1,27.7
Leeds,E00057030,228,9,2,0,41.3
Leeds,E00057031,298,12,5,0,36.3
Leeds,E00057032,389,15,2,4,30.9
Leeds,E00057033,211,7,1,1,41.2
Leeds,E00057034,413,27,6,3,39.2
Leeds,E00057035,355,11,2,1,31.8
Leeds,E00057036,373,23,6,0,34.2
Leeds,E00057037,333,9,3,2,34.1
Leeds,E00057038,335,12,5,1,32.7
Leeds,E00057039,260,17,5,3,37.9
Leeds,E00057040,298,31,12,11,44.0
Leeds,E00057041,300,15,6,5,38.3
Leeds,E00057042,308,13,0,2,31.6
Leeds,E00057043,291,9,0,1,31.8
Leeds,E00057044,263,20,5,3,41.2
Leeds,E00057045,292,2,0,0,31.8
Leeds,E00057046,288,23,2,0,39.0
Leeds,E00057047,292,12,1,1,33.3
Leeds,E00057048,402,5,0,0,26.1
Leeds,E00057049,395,5,0,1,28.5
Leeds,E00057050,253,14,1,0,39.6
Leeds,E00057051,456,21,4,2,36.0
Leeds,E00057052,299,12,5,2,37.2
Leeds,E00057053,228,3,1,2,31.7
Leeds,E00057054,272,3,0,0,34.5
Leeds,E00057055,304,18,5,6,39.3
Leeds,E00057056,302,7,6,1,33.1
Leeds,E00057057,250,13,2,0,43.3
Leeds,E00057058,308,16,2,0,35.5
Leeds,E00057059,241,17,6,0,38.4
Leeds,E00057060,262,10,0,1,40.3
Leeds,E00057062,335,9,2,0,32.5
Leeds,E00057063,246,26,11,0,43.9
Leeds,E00057064,279,0,1,1,27.6
Leeds,E00057065,199,1,1,0,36.2
Leeds,E00057066,328,32,20,11,45.9
Leeds,E00057067,416,5,1,0,33.3
Leeds,E00057068,254,17,3,1,37.7
Leeds,E00057069,288,5,2,3,33.5
Leeds,E00057070,257,9,3,1,38.4
Leeds,E00057071,225,19,3,2,40.7
Leeds,E00057072,192,6,3,1,39.7
Leeds,E00057073,289,14,4,1,44.6
Leeds,E00057074,217,7,5,3,38.1
Leeds,E00057075,319,7,0,1,36.7
Leeds,E00057076,289,2,0,0,24.8
Leeds,E00057077,270,11,2,0,39.2
Leeds,E00057078,210,6,2,2,37.7
Leeds,E00057079,232,12,0,0,35.8
Leeds,E00057080,245,12,4,4,36.7
Leeds,E00057081,297,0,0,0,28.0
Leeds,E00057082,234,12,4,1,36.5
Leeds,E00057083,246,27,1,4,43.3
Leeds,E00057084,214,13,2,1,39.3
Leeds,E00057085,252,7,0,0,31.6
Leeds,E00057086,240,12,2,1,39.2
Leeds,E00057087,286,23,5,0,42.4
Leeds,E00057088,312,4,0,0,28.9
Leeds,E00057089,245,15,4,2,41.9
Leeds,E00057090,259,7,1,0,34.8
Leeds,E00057091,318,14,3,0,38.0
Leeds,E00057092,366,3,1,0,25.8
Leeds,E00057093,251,39,10,5,51.2
Leeds,E00057094,276,25,1,1,44.1
Leeds,E00057095,201,22,12,5,46.3
Leeds,E00057096,288,8,5,0,34.6
Leeds,E00057097,249,12,3,2,38.1
Leeds,E00057098,231,19,7,4,42.2
Leeds,E00057099,246,16,5,2,44.0
Leeds,E00057100,234,25,9,2,45.4
Leeds,E00057101,268,12,5,0,41.3
Leeds,E00057102,225,22,4,3,44.5
Leeds,E00057103,213,6,6,2,38.5
Leeds,E00057104,260,28,11,3,43.6
Leeds,E00057105,219,4,0,1,33.4
Leeds,E00057106,208,19,4,3,44.3
Leeds,E00057107,265,16,4,2,38.1
Leeds,E00057108,236,20,4,0,46.1
Leeds,E00057109,374,7,0,0,27.6
Leeds,E00057110,311,41,13,3,45.7
Leeds,E00057111,321,20,6,1,40.3
Leeds,E00057112,246,18,7,1,40.7
Leeds,E00057113,226,1,0,0,33.4
Leeds,E00057114,278,4,0,0,34.5
Leeds,E00057115,244,8,6,2,34.5
Leeds,E00057116,313,28,0,1,41.0
Leeds,E00057117,213,14,4,2,41.2
Leeds,E00057118,284,11,2,1,35.2
Leeds,E00057119,230,14,4,0,43.3
Leeds,E00057120,219,13,4,1,43.6
Leeds,E00057121,214,6,3,0,35.2
Leeds,E00057122,256,11,2,0,40.4
Leeds,E00057123,270,12,4,2,39.3
Leeds,E00057124,343,6,0,1,29.4
Leeds,E00057125,335,7,2,4,28.8
Leeds,E00057126,336,15,1,1,30.4
Leeds,E00057127,297,17,3,0,32.4
Leeds,E00057128,266,15,2,0,44.0
Leeds,E00057129,219,17,3,2,44.1
Leeds,E00057130,320,8,1,0,32.6
Leeds,E00057131,313,9,1,0,30.1
Leeds,E00057132,300,9,4,3,36.5
Leeds,E00057133,270,4,1,1,33.3
Leeds,E00057134,397,7,0,1,28.2
Leeds,E00057135,344,15,2,2,35.5
Leeds,E00057136,327,11,3,1,37.8
Leeds,E00057137,317,14,0,1,33.1
Leeds,E00057138,326,46,13,11,47.6
Leeds,E00057139,320,9,1,1,34.6
Leeds,E00057140,324,8,0,0,28.0
Leeds,E00057141,316,6,3,1,30.2
Leeds,E00057142,192,8,0,1,31.7
Leeds,E00057144,248,5,0,0,32.5
Leeds,E00057145,373,20,2,3,35.2
Leeds,E00057146,208,38,3,2,54.5
Leeds,E00057147,247,6,2,0,33.4
Leeds,E00057148,269,9,1,1,35.0
Leeds,E00057149,283,4,0,0,30.7
Leeds,E00057150,230,2,1,1,30.2
Leeds,E00057151,401,13,2,0,29.2
Leeds,E00057152,189,6,0,1,33.8
Leeds,E00057153,310,39,14,11,46.5
Leeds,E00057154,294,7,2,1,32.1
Leeds,E00057155,290,0,0,0,28.8
Leeds,E00057156,249,16,2,1,43.8
Leeds,E00057157,285,6,2,1,32.2
Leeds,E00057158,282,23,3,2,43.1
Leeds,E00057159,289,9,0,0,28.9
Leeds,E00057160,313,13,2,0,37.0
Leeds,E00057161,264,10,2,1,34.7
Leeds,E00057162,292,10,3,1,33.5
Leeds,E00057163,331,9,2,2,32.2
Leeds,E00057164,257,37,15,3,49.8
Leeds,E00057165,268,8,0,0,27.9
Leeds,E00057166,311,22,5,2,35.6
Leeds,E00057167,262,24,1,0,39.8
Leeds,E00057169,293,10,0,1,33.4
Leeds,E00057170,396,30,8,3,41.8
Leeds,E00057171,354,9,2,1,34.1
Leeds,E00057172,382,15,6,0,36.8
Leeds,E00057173,263,21,4,5,43.8
Leeds,E00057175,293,6,3,1,42.4
Leeds,E00057176,223,6,1,0,29.3
Leeds,E00057177,362,6,0,0,31.4
Leeds,E00057178,361,8,3,2,32.9
Leeds,E00057179,587,28,6,0,33.2
Leeds,E00057180,234,2,0,1,29.5
Leeds,E00057181,209,44,7,1,63.7
Leeds,E00057182,221,5,3,0,43.5
Leeds,E00057183,197,5,1,0,39.9
Leeds,E00057184,196,7,3,0,39.4
Leeds,E00057185,252,10,2,0,35.8
Leeds,E00057186,254,29,6,7,48.1
Leeds,E00057187,355,17,6,0,38.3
Leeds,E00057188,291,1,0,1,28.5
Leeds,E00057189,318,1,3,0,30.4
Leeds,E00057190,267,10,1,0,34.2
Leeds,E00057191,243,5,2,3,37.4
Leeds,E00057192,258,25,4,0,42.4
Leeds,E00057193,258,10,0,0,38.6
Leeds,E00057194,257,17,0,3,36.3
Leeds,E00057195,320,16,3,5,37.5
Leeds,E00057196,265,14,3,1,35.0
Leeds,E00057197,284,22,4,1,41.3
Leeds,E00057198,409,17,10,7,39.5
Leeds,E00057199,335,13,0,1,31.4
Leeds,E00057200,395,13,1,2,32.4
Leeds,E00057202,367,17,2,2,31.8
Leeds,E00057204,449,23,2,1,35.3
Leeds,E00057205,322,23,7,2,41.4
Leeds,E00057206,232,9,2,1,33.3
Leeds,E00057207,224,1,0,0,32.5
Leeds,E00057208,411,17,3,0,37.0
Leeds,E00057209,318,26,2,3,38.8
Leeds,E00057210,394,15,4,1,37.2
Leeds,E00057211,314,10,2,1,32.3
Leeds,E00057212,267,6,2,0,37.1
Leeds,E00057213,371,17,0,0,35.2
Leeds,E00057214,279,10,1,0,35.7
Leeds,E00057215,324,9,1,0,31.6
Leeds,E00057216,367,18,4,0,35.7
Leeds,E00057217,429,15,2,2,31.6
Leeds,E00057218,324,11,4,1,32.0
Leeds,E00057220,465,22,7,0,31.2
Leeds,E00057221,297,14,4,3,41.6
Leeds,E00057222,468,14,3,0,30.5
Leeds,E00057223,396,17,3,0,32.8
Leeds,E00057225,571,29,5,1,30.5
Leeds,E00057226,326,26,5,3,38.7
Leeds,E00057227,344,8,0,0,34.1
Leeds,E00057228,311,21,1,3,40.1
Leeds,E00057229,264,18,4,0,40.2
Leeds,E00057230,270,6,1,3,37.5
Leeds,E00057231,380,5,2,2,39.5
Leeds,E00057232,420,12,8,7,34.8
Leeds,E00057233,249,26,6,3,44.1
Leeds,E00057234,293,26,23,14,42.9
Leeds,E00057235,292,10,2,1,36.5
Leeds,E00057236,305,16,3,1,38.2
Leeds,E00057238,302,13,4,0,40.7
Leeds,E00057239,298,13,3,0,38.3
Leeds,E00057240,177,19,8,4,45.9
Leeds,E00057241,322,4,2,0,29.9
Leeds,E00057242,285,7,1,0,31.9
Leeds,E00057244,449,15,1,0,34.6
Leeds,E00057245,345,11,1,2,34.0
Leeds,E00057246,151,23,1,0,58.3
Leeds,E00057247,283,6,2,1,33.6
Leeds,E00057248,279,16,2,2,38.4
Leeds,E00057249,289,9,0,1,36.8
Leeds,E00057250,240,19,1,2,38.6
Leeds,E00057251,293,12,3,0,38.3
Leeds,E00057252,315,18,0,1,35.5
Leeds,E00057253,321,18,6,2,41.6
Leeds,E00057254,368,12,5,0,32.5
Leeds,E00057255,455,9,1,2,30.1
Leeds,E00057256,210,1,0,0,30.6
Leeds,E00057257,265,5,2,3,32.0
Leeds,E00057258,242,3,0,1,31.7
Leeds,E00057259,196,3,0,0,30.2
Leeds,E00057261,203,5,1,1,38.1
Leeds,E00057262,358,40,6,2,46.2
Leeds,E00057264,340,6,1,0,30.7
Leeds,E00057265,329,21,6,2,37.5
Leeds,E00057266,394,7,0,0,25.6
Leeds,E00057267,308,5,0,0,34.0
Leeds,E00057268,188,17,3,1,36.0
Leeds,E00057269,177,7,1,1,33.7
Leeds,E00057270,373,12,2,1,31.9
Leeds,E00057271,208,5,1,0,35.0
Leeds,E00057272,357,5,0,0,29.6
Leeds,E00057273,319,5,1,2,30.8
Leeds,E00057274,250,27,6,2,45.4
Leeds,E00057275,209,9,2,0,32.3
Leeds,E00057276,302,6,2,1,33.5
Leeds,E00057277,190,23,1,1,40.1
Leeds,E00057278,216,9,7,0,37.8
Leeds,E00057280,186,3,0,0,30.3
Leeds,E00057281,317,10,0,1,32.8
Leeds,E00057282,232,5,0,1,33.7
Leeds,E00057283,266,8,0,0,27.2
Leeds,E00057284,246,7,0,0,32.3
Leeds,E00057285,355,3,0,0,30.9
Leeds,E00057286,230,11,2,0,35.7
Leeds,E00057287,453,10,0,2,30.7
Leeds,E00057288,242,12,1,2,39.0
Leeds,E00057289,362,44,13,27,47.0
Leeds,E00057290,399,9,2,0,29.6
Leeds,E00057291,338,2,1,0,24.4
Leeds,E00057292,280,5,0,0,29.3
Leeds,E00057293,253,6,0,0,30.9
Leeds,E00057294,282,7,0,0,27.7
Leeds,E00057295,214,30,9,7,49.9
Leeds,E00057296,359,3,0,0,26.2
Leeds,E00057297,172,6,2,0,27.6
Leeds,E00057298,300,2,0,3,28.3
Leeds,E00057300,267,4,0,0,36.5
Leeds,E00057303,250,8,0,0,31.5
Leeds,E00057304,341,34,9,15,41.1
Leeds,E00057305,216,10,6,8,39.6
Leeds,E00057307,195,12,2,2,37.0
Leeds,E00057309,355,6,2,0,32.4
Leeds,E00057310,307,16,0,0,32.7
Leeds,E00057311,102,12,5,6,52.7
Leeds,E00057312,187,43,11,2,65.7
Leeds,E00057313,305,0,0,0,29.8
Leeds,E00057315,225,9,3,1,38.8
Leeds,E00057316,256,5,1,0,34.2
Leeds,E00057321,411,12,2,1,32.3
Leeds,E00057322,259,0,0,0,31.4
Leeds,E00057323,308,3,0,1,29.8
Leeds,E00057325,216,39,9,8,58.8
Leeds,E00057326,154,1,0,0,33.7
Leeds,E00057327,124,3,0,1,33.1
Leeds,E00057328,275,11,6,1,36.7
Leeds,E00057329,222,1,1,0,30.8
Leeds,E00057330,248,7,1,0,34.8
Leeds,E00057331,201,4,2,0,33.3
Leeds,E00057332,214,17,14,9,44.8
Leeds,E00057333,256,6,2,0,35.0
Leeds,E00057334,307,13,4,2,43.3
Leeds,E00057335,357,18,3,2,42.8
Leeds,E00057336,298,27,2,2,44.9
Leeds,E00057337,284,26,11,1,45.5
Leeds,E00057338,274,14,4,2,37.2
Leeds,E00057339,312,31,4,1,44.7
Leeds,E00057340,271,21,11,5,40.3
Leeds,E00057341,279,14,3,1,43.7
Leeds,E00057342,269,15,5,4,45.9
Leeds,E00057343,333,8,3,2,37.7
Leeds,E00057344,252,37,9,7,49.2
Leeds,E00057345,251,9,8,1,37.6
Leeds,E00057346,337,8,3,3,33.1
Leeds,E00057347,269,14,3,2,32.2
Leeds,E00057348,225,8,0,0,34.0
Leeds,E00057349,320,47,3,6,50.7
Leeds,E00057350,241,17,3,2,43.5
Leeds,E00057351,202,7,3,1,34.3
Leeds,E00057352,324,44,9,2,46.4
Leeds,E00057353,310,22,5,1,42.6
Leeds,E00057354,281,27,3,3,43.3
Leeds,E00057355,253,32,4,0,47.6
Leeds,E00057356,230,7,1,2,35.6
Leeds,E00057357,287,11,3,0,36.3
Leeds,E00057358,212,10,2,0,45.8
Leeds,E00057359,246,17,4,1,45.5
Leeds,E00057360,338,24,5,2,46.5
Leeds,E00057361,347,10,2,1,37.2
Leeds,E00057362,200,19,6,3,46.3
Leeds,E00057363,216,10,6,4,44.3
Leeds,E00057364,189,9,4,3,42.6
Leeds,E00057365,220,37,8,4,51.6
Leeds,E00057366,229,42,9,5,57.8
Leeds,E00057367,270,32,6,0,43.3
Leeds,E00057368,208,19,6,10,45.8
Leeds,E00057369,209,50,7,5,57.9
Leeds,E00057370,297,8,4,2,37.5
Leeds,E00057371,232,19,13,2,46.9
Leeds,E00057372,296,37,6,4,50.0
Leeds,E00057374,294,13,3,0,40.4
Leeds,E00057375,328,20,6,0,43.3
Leeds,E00057376,297,21,3,6,43.8
Leeds,E00057377,293,14,8,8,39.6
Leeds,E00057378,307,30,7,5,47.3
Leeds,E00057379,364,9,0,0,36.7
Leeds,E00057380,324,12,1,1,38.2
Leeds,E00057382,288,26,3,1,42.5
Leeds,E00057383,238,21,1,1,37.1
Leeds,E00057384,277,33,6,0,45.0
Leeds,E00057385,231,39,17,6,54.1
Leeds,E00057386,266,21,4,2,45.9
Leeds,E00057387,188,9,9,3,38.8
Leeds,E00057388,193,16,7,6,42.3
Leeds,E00057389,286,13,1,0,35.1
Leeds,E00057390,322,29,4,0,40.4
Leeds,E00057391,265,16,5,1,39.2
Leeds,E00057392,295,12,4,5,36.3
Leeds,E00057393,301,27,7,1,43.7
Leeds,E00057394,286,21,10,5,39.3
Leeds,E00057395,262,28,11,3,49.8
Leeds,E00057396,325,25,3,1,45.5
Leeds,E00057397,301,15,5,5,37.4
Leeds,E00057398,281,11,2,1,38.6
Leeds,E00057399,378,16,4,5,40.8
Leeds,E00057400,350,36,12,2,45.7
Leeds,E00057401,327,27,7,5,47.7
Leeds,E00057402,221,11,1,0,32.8
Leeds,E00057403,306,6,1,0,37.4
Leeds,E00057404,181,31,25,14,61.3
Leeds,E00057405,304,24,6,1,40.0
Leeds,E00057406,382,38,15,12,45.8
Leeds,E00057407,235,5,3,0,33.7
Leeds,E00057408,362,5,0,0,35.1
Leeds,E00057409,369,20,0,1,39.3
Leeds,E00057410,292,10,4,0,45.3
Leeds,E00057411,399,15,15,17,40.4
Leeds,E00057412,289,12,3,0,36.5
Leeds,E00057413,296,15,1,0,34.6
Leeds,E00057414,321,7,2,1,36.3
Leeds,E00057415,224,43,12,2,58.1
Leeds,E00057416,307,21,3,2,43.2
Leeds,E00057417,345,17,1,0,38.7
Leeds,E00057418,328,31,5,0,46.2
Leeds,E00057419,286,16,2,2,37.5
Leeds,E00057420,322,23,1,1,49.0
Leeds,E00057421,340,24,11,8,43.1
Leeds,E00057422,321,3,1,0,32.0
Leeds,E00057423,338,3,2,0,33.6
Leeds,E00057424,281,9,1,3,40.6
Leeds,E00057425,319,13,7,2,40.1
Leeds,E00057426,311,34,7,6,42.9
Leeds,E00057427,267,6,2,0,37.4
Leeds,E00057428,270,21,6,8,43.7
Leeds,E00057429,223,6,2,1,36.8
Leeds,E00057430,302,6,0,0,31.7
Leeds,E00057431,381,15,4,0,38.1
Leeds,E00057432,282,11,4,0,42.2
Leeds,E00057433,283,13,0,1,39.8
Leeds,E00057434,288,23,2,1,42.7
Leeds,E00057435,244,27,10,3,45.1
Leeds,E00057436,228,13,7,5,41.4
Leeds,E00057437,278,9,5,1,38.7
Leeds,E00057438,330,3,2,0,35.0
Leeds,E00057439,227,19,16,14,48.9
Leeds,E00057440,246,16,3,1,41.4
Leeds,E00057441,363,14,3,4,43.3
Leeds,E00057442,265,27,4,1,45.8
Leeds,E00057443,241,8,1,0,40.9
Leeds,E00057444,319,10,3,0,35.1
Leeds,E00057445,286,8,2,1,36.9
Leeds,E00057446,344,4,0,1,36.3
Leeds,E00057447,302,19,4,1,39.2
Leeds,E00057448,320,14,7,4,44.4
Leeds,E00057449,267,30,6,7,46.3
Leeds,E00057450,326,23,4,2,39.2
Leeds,E00057451,304,5,1,0,36.6
Leeds,E00057452,261,2,0,0,36.2
Leeds,E00057453,279,49,25,16,58.1
Leeds,E00057454,235,36,12,11,56.1
Leeds,E00057455,300,29,16,12,46.8
Leeds,E00057456,216,27,6,2,54.2
Leeds,E00057457,216,31,2,3,52.2
Leeds,E00057458,282,4,0,0,36.9
Leeds,E00057459,306,36,8,1,47.9
Leeds,E00057460,401,41,14,9,46.2
Leeds,E00057461,247,35,5,4,51.4
Leeds,E00057462,263,28,6,0,50.7
Leeds,E00057463,307,10,0,0,37.3
Leeds,E00057464,265,28,4,2,49.2
Leeds,E00057465,311,28,5,1,48.6
Leeds,E00057466,129,38,5,1,67.0
Leeds,E00057467,282,29,7,2,45.9
Leeds,E00057468,558,14,3,0,34.8
Leeds,E00057469,283,14,4,2,40.6
Leeds,E00057470,333,27,13,5,45.6
Leeds,E00057471,241,15,1,3,43.0
Leeds,E00057472,298,9,3,1,36.6
Leeds,E00057473,364,23,3,2,48.1
Leeds,E00057474,271,25,2,1,45.3
Leeds,E00057475,289,20,9,4,51.1
Leeds,E00057476,273,15,3,3,46.9
Leeds,E00057477,293,27,4,4,44.0
Leeds,E00057478,271,26,10,1,43.5
Leeds,E00057479,195,28,5,3,51.8
Leeds,E00057480,324,18,0,1,36.3
Leeds,E00057481,274,38,7,5,45.6
Leeds,E00057482,269,11,1,1,36.5
Leeds,E00057483,297,26,5,4,45.9
Leeds,E00057484,292,16,3,1,37.2
Leeds,E00057485,293,17,1,3,42.6
Leeds,E00057486,284,20,3,2,46.2
Leeds,E00057487,316,13,2,0,44.5
Leeds,E00057488,227,31,9,11,49.1
Leeds,E00057489,246,29,3,1,45.2
Leeds,E00057490,332,14,0,3,37.7
Leeds,E00057491,281,28,10,0,46.5
Leeds,E00057492,286,9,5,0,38.6
Leeds,E00057493,305,9,4,11,41.4
Leeds,E00057494,277,17,2,1,42.1
Leeds,E00057495,349,13,7,1,38.9
Leeds,E00057496,364,20,4,0,36.7
Leeds,E00057497,283,28,5,4,48.6
Leeds,E00057498,368,13,3,3,39.8
Leeds,E00057499,320,13,1,0,41.9
Leeds,E00057500,217,38,10,3,58.8
Leeds,E00057501,358,21,10,3,41.2
Leeds,E00057502,309,9,0,0,33.4
Leeds,E00057503,370,18,3,0,38.1
Leeds,E00057504,289,13,4,3,46.3
Leeds,E00057505,283,18,3,0,47.4
Leeds,E00057506,293,22,4,1,41.6
Leeds,E00057507,277,30,5,2,45.1
Leeds,E00057508,255,24,4,2,44.9
Leeds,E00057509,289,25,5,1,46.0
Leeds,E00057510,248,29,8,2,48.8
Leeds,E00057511,282,14,1,3,38.0
Leeds,E00057512,280,20,2,4,44.2
Leeds,E00057513,223,4,1,0,41.0
Leeds,E00057514,236,10,2,4,38.3
Leeds,E00057515,218,35,11,10,50.9
Leeds,E00057516,218,26,2,2,45.8
Leeds,E00057517,219,47,16,7,63.5
Leeds,E00057518,290,21,10,1,42.7
Leeds,E00057519,214,45,19,2,63.4
Leeds,E00057520,295,15,2,1,38.2
Leeds,E00057521,277,26,2,3,43.1
Leeds,E00057522,314,10,4,3,37.9
Leeds,E00057523,230,29,11,5,53.1
Leeds,E00057524,272,28,6,1,47.1
Leeds,E00057525,243,60,4,2,54.0
Leeds,E00057526,354,25,7,2,42.4
Leeds,E00057527,282,11,3,3,38.7
Leeds,E00057528,327,11,6,1,39.1
Leeds,E00057529,308,25,2,0,41.3
Leeds,E00057530,326,19,1,3,40.0
Leeds,E00057531,300,15,4,0,41.3
Leeds,E00057532,180,18,7,2,48.1
Leeds,E00057533,295,26,8,1,44.8
Leeds,E00057534,290,12,3,0,34.4
Leeds,E00057535,326,22,2,2,38.2
Leeds,E00057536,245,42,9,5,52.7
Leeds,E00057537,288,15,0,3,40.6
Leeds,E00057538,355,15,1,2,38.7
Leeds,E00057539,238,21,8,4,47.1
Leeds,E00057540,271,21,1,3,47.3
Leeds,E00057541,245,25,7,3,54.9
Leeds,E00057542,302,17,1,1,39.7
Leeds,E00057543,345,25,12,1,44.2
Leeds,E00057544,329,24,5,4,41.9
Leeds,E00057545,224,24,11,1,48.3
Leeds,E00057546,236,33,3,2,50.1
Leeds,E00057547,264,9,5,1,38.2
Leeds,E00057548,258,24,6,6,47.7
Leeds,E00057549,273,13,1,0,38.7
Leeds,E00057550,313,10,3,0,35.6
Leeds,E00057551,296,27,7,0,46.7
Leeds,E00057552,360,9,1,0,35.0
Leeds,E00057553,291,26,8,3,47.3
Leeds,E00057554,321,11,1,0,37.9
Leeds,E00057555,243,40,5,1,53.7
Leeds,E00057556,219,32,8,3,55.0
Leeds,E00057557,288,17,1,1,43.2
Leeds,E00057558,252,52,12,0,58.0
Leeds,E00057559,360,23,2,1,41.3
Leeds,E00057560,319,28,0,0,45.4
Leeds,E00057561,276,31,8,3,46.0
Leeds,E00057562,293,21,10,4,42.6
Leeds,E00057563,231,31,9,0,50.6
Leeds,E00057564,321,12,3,0,35.8
Leeds,E00057565,277,12,1,0,30.6
Leeds,E00057566,326,15,5,3,39.9
Leeds,E00057567,532,4,3,1,26.4
Leeds,E00057568,483,8,2,2,29.4
Leeds,E00057570,531,17,1,0,29.0
Leeds,E00057571,336,4,2,0,28.1
Leeds,E00057573,315,8,3,1,31.3
Leeds,E00057574,309,2,0,0,28.3
Leeds,E00057575,284,6,2,0,30.0
Leeds,E00057576,196,3,3,1,34.7
Leeds,E00057577,461,8,1,0,27.8
Leeds,E00057578,297,21,2,2,39.0
Leeds,E00057579,378,15,2,2,31.8
Leeds,E00057580,387,15,2,0,32.5
Leeds,E00057581,419,15,1,0,29.5
Leeds,E00057582,316,15,1,0,31.9
Leeds,E00057583,393,8,1,0,26.8
Leeds,E00057584,367,22,1,0,32.1
Leeds,E00057585,321,3,1,0,27.2
Leeds,E00057586,307,7,0,1,27.3
Leeds,E00057587,322,4,0,2,28.6
Leeds,E00057589,586,20,2,1,27.4
Leeds,E00057590,406,12,1,0,27.5
Leeds,E00057591,364,11,2,1,28.2
Leeds,E00057592,474,9,0,0,26.7
Leeds,E00057593,341,8,1,0,27.2
Leeds,E00057594,361,8,0,0,27.2
Leeds,E00057595,383,5,0,0,27.6
Leeds,E00057596,281,12,0,0,28.0
Leeds,E00057597,504,10,1,1,29.9
Leeds,E00057598,438,26,4,4,34.5
Leeds,E00057599,335,10,3,1,29.1
Leeds,E00057600,284,6,3,0,32.9
Leeds,E00057601,333,11,3,0,32.7
Leeds,E00057602,431,15,4,0,27.5
Leeds,E00057603,316,9,6,1,28.8
Leeds,E00057604,254,16,3,0,35.4
Leeds,E00057605,294,7,4,1,28.2
Leeds,E00057606,235,9,1,3,38.4
Leeds,E00057607,407,11,2,0,28.9
Leeds,E00057608,378,11,3,0,29.8
Leeds,E00057609,265,4,2,0,26.7
Leeds,E00057610,237,5,1,0,32.3
Leeds,E00057611,259,6,0,1,28.7
Leeds,E00057612,321,6,2,1,29.2
Leeds,E00057613,277,6,0,0,27.1
Leeds,E00057614,286,7,2,1,33.1
Leeds,E00057615,382,3,1,2,27.1
Leeds,E00057616,315,6,0,0,29.8
Leeds,E00057617,252,2,0,0,29.1
Leeds,E00057618,265,4,0,0,26.6
Leeds,E00057619,288,29,7,6,43.4
Leeds,E00057620,361,12,3,2,35.8
Leeds,E00057621,373,16,4,2,34.8
Leeds,E00057622,299,10,3,0,37.6
Leeds,E00057623,302,17,4,1,40.0
Leeds,E00057624,237,11,4,0,40.5
Leeds,E00057625,338,20,5,4,40.1
Leeds,E00057626,296,5,0,1,32.3
Leeds,E00057627,246,16,5,2,41.3
Leeds,E00057628,327,0,0,0,23.1
Leeds,E00057629,305,5,1,0,24.9
Leeds,E00057630,477,8,1,0,25.2
Leeds,E00057631,288,8,0,0,28.4
Leeds,E00057632,315,1,0,1,26.0
Leeds,E00057633,266,3,1,0,26.8
Leeds,E00057634,342,0,1,0,29.8
Leeds,E00057635,352,0,0,0,23.1
Leeds,E00057637,438,2,1,1,22.6
Leeds,E00057638,347,9,4,4,27.6
Leeds,E00057639,446,7,12,13,31.1
Leeds,E00057641,282,3,0,1,30.3
Leeds,E00057642,419,7,4,0,32.0
Leeds,E00057643,359,2,0,0,25.4
Leeds,E00057645,483,1,1,2,25.1
Leeds,E00057646,312,4,2,1,26.3
Leeds,E00057647,263,0,0,0,23.5
Leeds,E00057648,605,4,0,0,22.2
Leeds,E00057649,446,6,0,0,25.0
Leeds,E00057650,544,7,1,0,24.4
Leeds,E00057651,405,3,0,0,24.5
Leeds,E00057652,398,0,0,0,21.6
Leeds,E00057653,312,2,0,0,25.3
Leeds,E00057654,409,1,0,0,25.1
Leeds,E00057655,365,13,2,0,31.2
Leeds,E00057656,104,0,0,0,26.3
Leeds,E00057657,362,3,1,1,24.8
Leeds,E00057658,391,3,3,2,24.6
Leeds,E00057659,356,3,2,0,24.9
Leeds,E00057660,124,2,0,1,24.2
Leeds,E00057661,560,1,0,1,22.4
Leeds,E00057662,364,0,0,0,23.0
Leeds,E00057663,426,0,0,0,23.0
Leeds,E00057664,333,0,0,0,22.5
Leeds,E00057665,294,1,0,0,23.9
Leeds,E00057666,293,0,2,0,27.1
Leeds,E00057667,168,10,4,9,39.5
Leeds,E00057668,196,4,0,1,32.0
Leeds,E00057669,294,1,1,0,25.7
Leeds,E00057670,203,3,1,0,26.1
Leeds,E00057671,180,10,0,2,38.3
Leeds,E00057672,231,16,2,0,38.1
Leeds,E00057673,369,14,2,1,33.8
Leeds,E00057674,185,7,3,2,39.7
Leeds,E00057675,223,14,2,1,39.3
Leeds,E00057676,250,16,0,1,39.1
Leeds,E00057679,225,9,1,0,28.0
Leeds,E00057680,224,50,14,7,48.9
Leeds,E00057681,461,25,9,10,36.5
Leeds,E00057682,442,6,0,0,23.2
Leeds,E00057683,195,3,3,0,29.3
Leeds,E00057684,178,1,2,0,27.0
Leeds,E00057685,174,13,7,3,37.4
Leeds,E00057686,479,0,0,0,21.4
Leeds,E00057687,196,2,0,0,22.9
Leeds,E00057689,453,12,4,1,27.6
Leeds,E00057690,390,2,0,0,24.5
Leeds,E00057691,307,7,4,1,27.7
Leeds,E00057692,350,0,1,0,25.7
Leeds,E00057693,238,4,4,1,29.2
Leeds,E00057695,269,2,2,0,24.9
Leeds,E00057696,215,11,1,3,32.5
Leeds,E00057697,255,5,0,1,29.0
Leeds,E00057698,335,13,1,2,34.2
Leeds,E00057699,252,3,0,0,26.8
Leeds,E00057700,462,1,1,0,22.4
Leeds,E00057701,254,2,0,1,25.8
Leeds,E00057702,335,2,1,1,27.4
Leeds,E00057703,463,1,0,0,23.4
Leeds,E00057704,233,1,2,0,27.2
Leeds,E00057705,344,36,14,7,44.8
Leeds,E00057706,335,17,0,1,32.8
Leeds,E00057707,262,15,3,2,43.2
Leeds,E00057708,291,17,3,0,39.4
Leeds,E00057709,359,22,8,0,42.8
Leeds,E00057710,322,24,6,4,45.9
Leeds,E00057711,342,23,4,1,43.7
Leeds,E00057712,356,24,2,2,40.5
Leeds,E00057713,297,17,1,1,44.0
Leeds,E00057714,250,7,1,2,36.0
Leeds,E00057715,265,24,4,0,44.7
Leeds,E00057716,369,34,3,3,40.5
Leeds,E00057717,291,18,7,1,43.4
Leeds,E00057718,335,17,5,0,35.5
Leeds,E00057719,308,31,3,2,45.8
Leeds,E00057720,235,31,15,3,45.8
Leeds,E00057721,297,18,2,1,39.5
Leeds,E00057722,335,15,5,2,38.3
Leeds,E00057723,376,11,2,0,37.5
Leeds,E00057724,325,8,0,0,39.5
Leeds,E00057725,290,28,2,2,45.1
Leeds,E00057727,348,26,9,0,41.0
Leeds,E00057728,275,18,3,3,42.2
Leeds,E00057729,273,21,2,1,42.2
Leeds,E00057730,242,12,0,0,41.3
Leeds,E00057731,345,19,2,1,41.9
Leeds,E00057732,405,41,8,4,44.8
Leeds,E00057733,348,22,3,2,42.4
Leeds,E00057734,337,26,6,1,44.7
Leeds,E00057735,391,29,3,2,39.5
Leeds,E00057736,249,19,9,6,41.9
Leeds,E00057737,304,20,5,2,37.6
Leeds,E00057738,538,24,6,4,34.7
Leeds,E00057739,301,20,5,4,39.1
Leeds,E00057740,310,33,6,0,42.2
Leeds,E00057741,323,16,1,0,41.0
Leeds,E00057742,336,20,4,0,42.9
Leeds,E00057743,232,26,13,5,48.7
Leeds,E00057744,288,11,4,1,37.0
Leeds,E00057745,267,21,2,2,44.8
Leeds,E00057746,244,8,1,1,36.4
Leeds,E00057747,253,7,2,1,35.6
Leeds,E00057748,311,14,5,3,38.2
Leeds,E00057749,229,11,2,0,43.4
Leeds,E00057750,362,16,3,1,38.9
Leeds,E00057751,237,33,4,3,50.2
Leeds,E00057752,264,33,3,2,44.0
Leeds,E00057753,243,21,7,1,43.7
Leeds,E00057754,261,11,1,0,34.9
Leeds,E00057755,307,25,18,26,46.9
Leeds,E00057756,275,7,3,1,36.5
Leeds,E00057757,226,20,2,3,43.1
Leeds,E00057758,344,10,3,2,36.0
Leeds,E00057759,220,24,5,5,44.0
Leeds,E00057760,246,27,10,4,43.1
Leeds,E00057761,265,12,3,1,34.9
Leeds,E00057762,312,11,3,2,38.3
Leeds,E00057763,312,24,21,11,45.1
Leeds,E00057764,340,19,3,0,40.7
Leeds,E00057765,314,21,8,1,40.7
Leeds,E00057766,260,10,4,0,38.6
Leeds,E00057767,243,18,4,4,44.3
Leeds,E00057768,299,28,5,2,41.0
Leeds,E00057769,379,35,2,1,40.2
Leeds,E00057770,268,23,7,2,42.3
Leeds,E00057771,245,8,0,1,34.9
Leeds,E00057772,214,24,9,4,48.8
Leeds,E00057773,270,15,1,1,36.2
Leeds,E00057774,233,17,2,3,42.2
Leeds,E00057775,265,15,6,0,41.1
Leeds,E00057776,273,15,2,0,38.4
Leeds,E00057777,258,26,6,7,45.8
Leeds,E00057778,265,17,10,1,37.3
Leeds,E00057779,318,4,1,0,29.0
Leeds,E00057780,284,3,2,0,29.8
Leeds,E00057781,288,6,0,2,32.2
Leeds,E00057782,352,6,0,0,27.5
Leeds,E00057783,347,10,2,2,30.4
Leeds,E00057784,327,2,1,0,33.2
Leeds,E00057785,350,33,15,12,43.0
Leeds,E00057786,307,20,5,1,39.8
Leeds,E00057787,488,54,38,33,45.3
Leeds,E00057788,309,3,2,0,32.2
Leeds,E00057789,257,17,6,0,40.6
Leeds,E00057790,191,2,0,0,30.8
Leeds,E00057791,287,24,3,1,42.4
Leeds,E00057792,281,10,1,0,38.9
Leeds,E00057793,239,26,3,0,42.6
Leeds,E00057794,215,42,10,2,50.7
Leeds,E00057795,350,7,0,0,37.1
Leeds,E00057796,189,5,2,0,38.0
Leeds,E00057797,319,22,5,2,38.7
Leeds,E00057798,327,15,3,2,36.6
Leeds,E00057799,196,7,3,2,39.2
Leeds,E00057800,281,36,14,13,44.3
Leeds,E00057801,277,17,3,3,41.8
Leeds,E00057802,192,15,4,1,38.5
Leeds,E00057803,256,3,1,2,30.8
Leeds,E00057804,285,4,0,0,32.3
Leeds,E00057805,304,5,1,0,30.2
Leeds,E00057806,372,14,7,0,38.6
Leeds,E00057807,144,11,2,1,48.7
Leeds,E00057808,362,1,0,0,26.8
Leeds,E00057809,195,1,1,0,31.9
Leeds,E00057810,352,9,3,3,30.3
Leeds,E00057811,318,13,1,0,35.4
Leeds,E00057812,255,23,4,1,45.0
Leeds,E00057813,279,9,0,0,40.6
Leeds,E00057814,344,13,4,0,34.7
Leeds,E00057815,301,16,2,1,41.5
Leeds,E00057816,309,9,1,2,32.0
Leeds,E00057817,270,8,2,1,36.3
Leeds,E00057818,230,16,2,1,39.5
Leeds,E00057819,335,9,1,0,33.2
Leeds,E00057820,242,19,6,4,42.9
Leeds,E00057821,243,16,4,0,41.8
Leeds,E00057822,309,21,5,2,36.6
Leeds,E00057823,296,19,2,1,39.4
Leeds,E00057824,293,16,7,3,43.0
Leeds,E00057825,379,32,5,5,41.7
Leeds,E00057826,215,2,0,0,32.5
Leeds,E00057827,269,5,4,2,34.3
Leeds,E00057828,276,6,0,1,34.8
Leeds,E00057829,221,9,4,1,36.5
Leeds,E00057830,187,16,4,1,42.7
Leeds,E00057831,272,9,4,0,36.4
Leeds,E00057832,329,13,5,0,32.7
Leeds,E00057833,397,0,1,2,24.9
Leeds,E00057834,308,29,5,2,39.0
Leeds,E00057835,320,16,3,2,37.2
Leeds,E00057838,302,8,2,1,32.0
Leeds,E00057839,315,29,7,7,46.5
Leeds,E00057840,300,17,7,0,39.0
Leeds,E00057841,300,13,5,2,36.0
Leeds,E00057842,266,2,1,0,29.9
Leeds,E00057843,343,19,2,2,39.3
Leeds,E00057844,316,27,6,1,42.3
Leeds,E00057845,322,1,1,0,28.6
Leeds,E00057846,298,12,5,1,33.5
Leeds,E00057847,281,10,3,0,38.6
Leeds,E00057848,290,5,0,0,29.8
Leeds,E00057849,328,10,4,9,31.4
Leeds,E00057850,245,8,2,0,32.7
Leeds,E00057851,280,2,3,1,30.9
Leeds,E00057852,379,0,2,1,27.3
Leeds,E00057853,206,21,9,2,44.8
Leeds,E00057854,349,12,3,3,32.1
Leeds,E00057855,384,10,1,0,26.4
Leeds,E00057856,259,9,1,4,37.4
Leeds,E00057857,261,0,0,0,25.8
Leeds,E00057858,269,2,0,0,25.7
Leeds,E00057859,439,6,2,1,28.4
Leeds,E00057860,325,7,1,1,30.8
Leeds,E00057861,258,20,7,1,40.6
Leeds,E00057862,325,18,7,2,36.7
Leeds,E00057863,206,9,1,2,38.6
Leeds,E00057864,343,11,3,1,30.3
Leeds,E00057865,290,23,3,0,36.8
Leeds,E00057866,340,7,2,1,32.1
Leeds,E00057867,323,14,6,3,38.0
Leeds,E00057868,235,9,2,0,36.2
Leeds,E00057869,319,9,4,0,30.0
Leeds,E00057871,294,15,1,2,39.3
Leeds,E00057872,222,15,12,0,43.7
Leeds,E00057873,263,3,3,0,36.0
Leeds,E00057874,253,15,3,1,40.1
Leeds,E00057875,361,17,8,3,37.2
Leeds,E00057876,356,14,9,2,36.4
Leeds,E00057877,217,12,7,2,37.7
Leeds,E00057878,302,5,0,0,33.7
Leeds,E00057879,348,14,7,7,34.4
Leeds,E00057880,220,21,15,8,47.8
Leeds,E00057881,281,9,4,1,34.5
Leeds,E00057882,248,5,0,0,30.8
Leeds,E00057883,283,11,2,0,34.6
Leeds,E00057884,309,18,4,1,40.0
Leeds,E00057885,348,23,2,6,36.7
Leeds,E00057887,456,13,1,1,28.4
Leeds,E00057888,155,10,4,1,44.7
Leeds,E00057889,346,32,3,3,42.6
Leeds,E00057891,407,1,0,1,25.8
Leeds,E00057892,312,3,2,0,28.1
Leeds,E00057893,299,14,5,2,36.9
Leeds,E00057894,435,2,0,2,25.3
Leeds,E00057895,194,11,3,1,37.0
Leeds,E00057896,256,5,0,0,28.5
Leeds,E00057897,274,9,4,0,32.3
Leeds,E00057898,328,5,1,0,26.7
Leeds,E00057899,295,17,3,3,36.1
Leeds,E00057900,263,1,2,1,29.5
Leeds,E00057901,236,14,0,0,35.1
Leeds,E00057902,369,6,0,0,31.4
Leeds,E00057903,308,12,1,0,33.1
Leeds,E00057904,300,10,1,2,33.6
Leeds,E00057905,318,35,12,11,47.9
Leeds,E00057906,244,6,3,0,35.6
Leeds,E00057907,290,4,0,1,31.1
Leeds,E00057908,273,9,0,0,30.9
Leeds,E00057909,320,28,3,1,42.6
Leeds,E00057911,312,1,0,1,31.4
Leeds,E00057913,279,14,2,2,32.0
Leeds,E00057914,268,16,3,2,40.1
Leeds,E00057916,277,20,2,1,39.0
Leeds,E00057917,413,33,12,5,42.0
Leeds,E00057918,258,9,2,0,40.6
Leeds,E00057919,306,12,0,0,33.1
Leeds,E00057920,333,6,1,0,32.5
Leeds,E00057921,291,14,5,0,35.2
Leeds,E00057922,206,8,5,2,36.6
Leeds,E00057923,328,2,0,0,26.5
Leeds,E00057924,304,9,2,2,34.0
Leeds,E00057925,277,5,5,2,33.0
Leeds,E00057926,318,33,9,1,42.6
Leeds,E00057927,295,53,3,2,50.0
Leeds,E00057928,302,15,3,2,37.4
Leeds,E00057929,350,8,2,0,36.3
Leeds,E00057932,307,49,4,2,51.0
Leeds,E00057933,230,15,1,0,37.9
Leeds,E00057934,292,21,7,0,42.3
Leeds,E00057935,364,15,3,2,37.7
Leeds,E00057936,297,13,1,2,32.9
Leeds,E00057937,319,8,3,0,39.7
Leeds,E00057938,305,13,3,1,35.1
Leeds,E00057939,359,10,2,2,35.1
Leeds,E00057940,352,1,0,0,31.6
Leeds,E00057941,311,5,0,0,35.0
Leeds,E00057942,278,10,3,1,34.9
Leeds,E00057943,237,5,2,1,34.0
Leeds,E00057944,301,7,1,1,30.9
Leeds,E00057945,168,34,11,7,54.4
Leeds,E00057946,362,9,0,0,30.8
Leeds,E00057947,237,10,2,2,35.5
Leeds,E00057949,241,6,0,0,28.5
Leeds,E00057950,390,8,0,0,37.1
Leeds,E00057951,356,7,2,1,28.6
Leeds,E00057952,230,12,2,2,38.0
Leeds,E00057955,279,16,0,2,40.6
Leeds,E00057956,315,4,1,0,28.7
Leeds,E00057957,308,2,1,0,28.6
Leeds,E00057959,315,16,2,1,34.2
Leeds,E00057960,410,10,3,1,34.8
Leeds,E00057961,393,8,0,0,31.6
Leeds,E00057962,302,15,1,1,36.9
Leeds,E00057963,303,15,1,0,36.0
Leeds,E00057965,399,5,2,2,31.9
Leeds,E00057966,298,15,2,2,38.5
Leeds,E00057967,217,40,6,1,50.5
Leeds,E00057968,253,19,1,0,45.0
Leeds,E00057969,274,13,1,1,37.5
Leeds,E00057970,230,9,1,0,39.9
Leeds,E00057971,292,21,8,5,41.6
Leeds,E00057972,295,6,0,2,38.3
Leeds,E00057973,339,17,3,2,38.3
Leeds,E00057974,353,9,1,3,34.5
Leeds,E00057975,368,7,5,2,36.5
Leeds,E00057976,234,13,1,2,35.5
Leeds,E00057977,284,34,11,1,48.5
Leeds,E00057978,328,17,6,4,39.9
Leeds,E00057979,301,33,24,12,46.4
Leeds,E00057980,447,15,2,2,36.4
Leeds,E00057981,222,14,2,2,42.2
Leeds,E00057982,240,20,6,4,43.7
Leeds,E00057983,248,10,3,3,36.6
Leeds,E00057984,362,16,6,3,36.7
Leeds,E00057985,383,27,6,0,36.0
Leeds,E00057986,311,23,4,1,38.5
Leeds,E00057987,285,32,7,0,41.6
Leeds,E00057988,310,4,0,3,36.3
Leeds,E00057989,345,16,2,0,35.1
Leeds,E00057990,265,15,6,3,40.4
Leeds,E00057991,262,7,1,1,39.8
Leeds,E00057992,342,16,9,5,40.8
Leeds,E00057993,251,24,2,3,37.8
Leeds,E00057994,250,11,4,2,40.9
Leeds,E00057995,218,27,3,1,44.6
Leeds,E00057996,245,10,7,8,40.7
Leeds,E00057997,337,30,8,4,39.9
Leeds,E00057998,170,15,3,2,41.6
Leeds,E00057999,252,8,3,1,37.2
Leeds,E00058000,260,24,15,9,45.2
Leeds,E00058001,372,21,4,3,37.9
Leeds,E00058002,242,5,2,2,32.6
Leeds,E00058003,233,20,5,3,42.0
Leeds,E00058004,270,10,2,0,39.1
Leeds,E00058005,268,22,5,2,42.2
Leeds,E00058006,220,12,0,0,41.3
Leeds,E00058007,318,11,4,1,37.0
Leeds,E00058008,150,30,14,8,64.7
Leeds,E00058009,340,6,3,1,35.3
Leeds,E00058010,327,20,6,4,39.8
Leeds,E00058011,289,6,4,0,36.5
Leeds,E00058012,248,31,8,1,43.3
Leeds,E00058013,377,11,2,0,36.1
Leeds,E00058014,341,12,3,6,38.7
Leeds,E00058015,269,14,3,2,36.9
Leeds,E00058016,569,23,7,3,36.2
Leeds,E00058017,329,17,7,1,38.3
Leeds,E00058018,303,40,17,18,52.0
Leeds,E00058019,258,37,9,4,49.1
Leeds,E00058020,318,8,1,1,34.5
Leeds,E00058021,379,9,3,1,31.8
Leeds,E00058022,210,31,7,5,47.8
Leeds,E00058023,408,19,5,6,37.6
Leeds,E00058024,302,49,8,5,48.4
Leeds,E00058025,267,23,2,4,42.2
Leeds,E00058026,257,40,22,33,56.7
Leeds,E00058027,349,23,9,5,43.4
Leeds,E00058028,309,10,3,1,40.1
Leeds,E00058029,180,5,0,2,40.4
Leeds,E00058030,329,15,4,1,36.0
Leeds,E00058031,279,5,1,1,35.3
Leeds,E00058032,292,30,5,1,40.2
Leeds,E00058033,358,30,10,0,41.7
Leeds,E00058034,306,39,6,3,43.3
Leeds,E00058036,340,19,2,2,36.0
Leeds,E00058037,322,15,5,5,38.0
Leeds,E00058038,281,11,11,3,37.3
Leeds,E00058039,344,11,3,8,38.7
Leeds,E00058040,269,21,7,2,43.1
Leeds,E00058041,440,4,1,0,32.0
Leeds,E00058042,546,48,10,3,40.6
Leeds,E00058043,295,15,1,0,41.1
Leeds,E00058044,320,26,5,2,44.3
Leeds,E00058045,235,21,10,11,44.0
Leeds,E00058047,257,21,3,0,45.2
Leeds,E00058048,333,17,1,1,36.8
Leeds,E00058049,263,11,4,3,40.5
Leeds,E00058050,326,20,1,1,34.0
Leeds,E00058051,266,16,5,1,43.2
Leeds,E00058052,234,25,5,4,51.3
Leeds,E00058053,321,10,0,1,37.6
Leeds,E00058054,278,16,3,0,44.8
Leeds,E00058055,338,27,5,0,44.4
Leeds,E00058056,280,13,2,1,38.0
Leeds,E00058057,331,12,5,1,40.9
Leeds,E00058058,280,16,2,0,38.7
Leeds,E00058059,360,10,3,0,38.9
Leeds,E00058060,277,29,3,3,44.7
Leeds,E00058061,293,29,5,3,50.6
Leeds,E00058062,357,14,1,0,38.5
Leeds,E00058063,274,14,2,1,40.4
Leeds,E00058064,287,14,3,0,45.3
Leeds,E00058065,138,11,7,4,46.9
Leeds,E00058066,275,16,5,0,35.9
Leeds,E00058067,275,20,2,0,39.5
Leeds,E00058068,315,26,3,0,51.8
Leeds,E00058069,330,9,1,0,37.1
Leeds,E00058070,280,16,4,3,48.0
Leeds,E00058071,301,5,0,1,32.3
Leeds,E00058072,315,16,1,1,39.4
Leeds,E00058073,441,31,3,1,41.9
Leeds,E00058074,272,24,4,3,45.8
Leeds,E00058075,385,5,1,0,28.6
Leeds,E00058076,306,14,1,0,38.4
Leeds,E00058077,308,8,1,1,40.3
Leeds,E00058078,376,6,0,0,33.8
Leeds,E00058079,313,2,0,0,33.3
Leeds,E00058080,318,52,15,13,57.4
Leeds,E00058081,308,16,2,1,34.3
Leeds,E00058082,440,9,7,0,33.7
Leeds,E00058083,263,12,7,0,39.8
Leeds,E00058084,232,20,1,3,40.3
Leeds,E00058086,345,6,4,0,35.9
Leeds,E00058087,295,19,8,7,40.9
Leeds,E00058088,280,28,6,3,49.2
Leeds,E00058089,276,21,5,1,43.2
Leeds,E00058090,391,33,9,1,44.7
Leeds,E00058091,387,17,4,0,35.9
Leeds,E00058092,246,15,6,2,41.4
Leeds,E00058093,280,15,2,1,37.9
Leeds,E00058094,312,9,1,0,36.8
Leeds,E00058095,308,12,4,0,36.9
Leeds,E00058096,319,5,3,1,35.1
Leeds,E00058097,265,13,3,3,38.6
Leeds,E00058098,324,17,4,2,40.2
Leeds,E00058099,320,7,0,0,33.4
Leeds,E00058100,280,5,1,2,36.9
Leeds,E00058101,359,8,2,0,37.6
Leeds,E00058102,301,14,5,2,45.4
Leeds,E00058103,336,17,1,1,42.0
Leeds,E00058104,280,21,6,1,44.8
Leeds,E00058105,339,8,1,0,38.4
Leeds,E00058106,273,14,1,0,39.2
Leeds,E00058107,330,0,0,0,31.6
Leeds,E00058108,254,10,2,0,38.8
Leeds,E00058109,247,12,3,2,40.0
Leeds,E00058110,330,22,6,5,44.6
Leeds,E00058111,360,7,1,1,34.3
Leeds,E00058112,356,22,6,9,43.9
Leeds,E00058113,238,18,3,1,45.0
Leeds,E00058114,238,7,2,0,34.7
Leeds,E00058115,362,11,2,1,40.8
Leeds,E00058116,192,9,5,7,45.1
Leeds,E00058117,248,42,7,3,57.5
Leeds,E00058118,315,24,5,0,39.9
Leeds,E00058119,195,20,3,2,44.2
Leeds,E00058120,292,5,0,0,32.9
Leeds,E00058121,444,19,2,1,37.0
Leeds,E00058122,253,44,18,4,57.4
Leeds,E00058123,258,5,2,0,35.9
Leeds,E00058124,138,13,1,3,48.1
Leeds,E00058125,284,40,12,6,49.4
Leeds,E00058126,277,20,7,4,43.7
Leeds,E00058127,315,21,4,1,43.3
Leeds,E00058128,373,8,3,0,39.8
Leeds,E00058129,301,38,3,1,49.4
Leeds,E00058130,393,0,1,0,31.1
Leeds,E00058131,296,8,0,0,39.7
Leeds,E00058132,447,9,1,1,35.2
Leeds,E00058133,343,5,1,0,38.0
Leeds,E00058134,258,51,11,3,53.2
Leeds,E00058135,318,21,16,2,44.3
Leeds,E00058136,322,7,1,0,33.4
Leeds,E00058137,263,28,5,0,42.4
Leeds,E00058138,312,18,3,0,39.6
Leeds,E00058139,298,19,4,1,39.0
Leeds,E00058140,282,3,2,1,32.2
Leeds,E00058141,318,5,4,3,32.9
Leeds,E00058142,330,10,4,3,33.9
Leeds,E00058143,394,2,0,0,35.2
Leeds,E00058144,314,12,2,2,38.0
Leeds,E00058145,321,5,2,0,38.0
Leeds,E00058146,299,16,3,2,40.3
Leeds,E00058147,274,10,4,3,36.4
Leeds,E00058148,291,14,2,0,42.1
Leeds,E00058149,298,10,3,0,40.1
Leeds,E00058150,304,24,7,0,45.0
Leeds,E00058151,282,16,4,1,38.2
Leeds,E00058152,325,24,10,3,42.5
Leeds,E00058153,292,22,6,2,43.9
Leeds,E00058154,322,38,3,1,47.2
Leeds,E00058155,272,7,0,0,38.0
Leeds,E00058156,360,12,3,1,39.9
Leeds,E00058157,313,18,1,2,39.2
Leeds,E00058158,306,25,3,2,41.6
Leeds,E00058159,212,20,6,2,48.6
Leeds,E00058160,310,24,4,1,41.8
Leeds,E00058161,333,18,3,4,39.4
Leeds,E00058162,261,31,3,4,47.9
Leeds,E00058163,344,18,4,1,41.6
Leeds,E00058164,360,18,4,0,39.0
Leeds,E00058165,418,15,2,0,38.5
Leeds,E00058166,252,18,3,0,44.3
Leeds,E00058167,251,20,7,0,47.9
Leeds,E00058168,294,13,0,0,39.4
Leeds,E00058169,342,21,3,0,39.7
Leeds,E00058170,265,4,1,1,33.3
Leeds,E00058171,248,13,1,1,42.4
Leeds,E00058172,406,4,0,1,36.6
Leeds,E00058173,360,1,0,0,32.5
Leeds,E00058174,248,18,2,1,39.3
Leeds,E00058175,341,22,7,5,36.0
Leeds,E00058177,258,6,1,0,33.1
Leeds,E00058178,345,11,3,1,35.5
Leeds,E00058179,295,2,0,0,31.6
Leeds,E00058180,235,8,3,1,39.0
Leeds,E00058181,307,14,3,4,40.2
Leeds,E00058182,309,7,5,2,39.0
Leeds,E00058183,301,8,1,1,40.3
Leeds,E00058184,231,7,0,1,38.2
Leeds,E00058185,245,4,3,0,34.5
Leeds,E00058186,316,2,0,0,37.4
Leeds,E00058187,311,2,5,2,33.5
Leeds,E00058188,315,2,0,0,27.8
Leeds,E00058189,229,20,12,5,45.6
Leeds,E00058190,263,6,0,0,37.0
Leeds,E00058191,368,9,0,0,33.3
Leeds,E00058192,220,42,23,16,59.4
Leeds,E00058193,300,4,1,0,35.3
Leeds,E00058194,263,1,0,0,32.6
Leeds,E00058195,244,10,4,1,39.5
Leeds,E00058196,236,21,12,7,44.4
Leeds,E00058197,209,17,3,1,45.9
Leeds,E00058199,256,11,0,3,36.1
Leeds,E00058200,344,13,1,1,35.5
Leeds,E00058201,213,14,6,1,45.3
Leeds,E00058202,277,6,0,0,36.0
Leeds,E00058204,241,9,5,7,42.7
Leeds,E00058205,553,2,3,4,29.6
Leeds,E00058206,231,9,3,0,41.3
Leeds,E00058207,343,16,8,8,43.0
Leeds,E00058208,337,15,4,1,37.3
Leeds,E00058209,306,27,7,1,46.6
Leeds,E00058210,327,3,0,0,34.0
Leeds,E00058211,257,16,8,0,37.0
Leeds,E00058212,285,13,0,0,36.9
Leeds,E00058213,258,14,0,0,35.6
Leeds,E00058214,364,18,3,0,36.3
Leeds,E00058215,332,20,3,1,38.2
Leeds,E00058216,239,35,11,8,53.7
Leeds,E00058217,279,4,1,1,34.5
Leeds,E00058218,294,8,1,0,31.1
Leeds,E00058219,294,17,4,0,38.9
Leeds,E00058220,382,3,0,1,30.2
Leeds,E00058221,255,8,2,0,38.9
Leeds,E00058222,295,29,12,11,49.2
Leeds,E00058223,357,6,1,0,35.7
Leeds,E00058224,267,23,9,1,43.9
Leeds,E00058225,536,19,1,4,37.9
Leeds,E00058226,265,11,3,3,44.3
Leeds,E00058227,243,15,13,5,42.4
Leeds,E00058228,226,15,1,2,43.7
Leeds,E00058229,309,10,4,0,30.9
Leeds,E00058230,269,15,5,6,38.3
Leeds,E00058231,254,9,2,2,36.3
Leeds,E00058232,236,18,6,2,40.7
Leeds,E00058233,356,15,6,0,35.6
Leeds,E00058234,377,14,2,1,38.3
Leeds,E00058235,246,42,12,6,54.6
Leeds,E00058236,313,33,7,3,47.3
Leeds,E00058237,301,27,8,1,40.9
Leeds,E00058238,298,18,2,2,45.0
Leeds,E00058239,287,17,9,3,44.8
Leeds,E00058240,368,23,13,6,44.6
Leeds,E00058241,296,20,4,2,38.9
Leeds,E00058242,253,25,3,1,42.5
Leeds,E00058243,236,34,15,3,51.4
Leeds,E00058244,270,5,2,0,37.7
Leeds,E00058245,231,20,12,11,42.3
Leeds,E00058246,230,24,10,1,47.9
Leeds,E00058247,224,21,5,0,47.2
Leeds,E00058248,286,32,7,1,42.8
Leeds,E00058249,264,21,1,1,44.9
Leeds,E00058250,225,18,5,2,40.7
Leeds,E00058251,277,16,1,1,39.3
Leeds,E00058252,283,32,10,7,46.7
Leeds,E00058253,305,19,7,8,37.5
Leeds,E00058254,245,1,3,1,33.0
Leeds,E00058255,323,16,6,1,37.6
Leeds,E00058256,230,20,11,11,44.5
Leeds,E00058257,228,19,8,0,37.3
Leeds,E00058258,260,12,3,0,33.1
Leeds,E00058259,250,5,10,4,33.5
Leeds,E00058260,297,11,4,2,34.9
Leeds,E00058261,268,18,4,2,36.7
Leeds,E00058262,343,31,22,25,45.2
Leeds,E00058263,227,4,2,1,37.4
Leeds,E00058264,264,6,11,1,36.4
Leeds,E00058265,284,21,4,0,35.3
Leeds,E00058266,119,4,2,1,46.4
Leeds,E00058267,308,15,2,1,43.1
Leeds,E00058268,311,19,5,0,40.7
Leeds,E00058269,292,23,5,2,42.0
Leeds,E00058270,328,20,5,3,40.6
Leeds,E00058271,223,29,8,5,48.3
Leeds,E00058272,315,20,4,4,38.6
Leeds,E00058273,192,52,23,5,64.0
Leeds,E00058274,295,21,3,1,41.6
Leeds,E00058275,340,18,5,8,40.8
Leeds,E00058276,238,14,3,3,39.6
Leeds,E00058277,194,45,15,19,59.7
Leeds,E00058278,276,14,5,5,40.7
Leeds,E00058279,310,18,6,1,40.1
Leeds,E00058280,256,16,5,1,39.8
Leeds,E00058281,236,31,6,1,48.5
Leeds,E00058282,283,8,3,4,37.8
Leeds,E00058283,307,22,4,3,41.2
Leeds,E00058284,296,4,3,2,36.8
Leeds,E00058285,145,3,6,3,39.6
Leeds,E00058286,169,29,1,2,48.8
Leeds,E00058287,446,20,2,1,37.9
Leeds,E00058288,328,12,4,1,36.9
Leeds,E00058289,283,17,7,3,40.6
Leeds,E00058290,297,12,2,0,41.6
Leeds,E00058291,237,12,1,0,40.5
Leeds,E00058292,310,10,6,1,41.2
Leeds,E00058293,316,17,3,1,39.1
Leeds,E00058294,278,23,3,4,44.3
Leeds,E00058295,329,26,6,3,47.1
Leeds,E00058296,365,25,7,4,41.2
Leeds,E00058297,350,22,1,1,41.6
Leeds,E00058298,281,19,6,5,46.9
Leeds,E00058299,330,19,3,1,43.7
Leeds,E00058300,306,33,15,1,48.2
Leeds,E00058301,241,27,5,2,48.0
Leeds,E00058302,329,6,1,3,36.0
Leeds,E00058303,299,23,7,3,45.9
Leeds,E00058304,290,24,3,3,46.6
Leeds,E00058305,230,9,5,3,40.9
Leeds,E00058306,359,7,1,2,33.6
Leeds,E00058307,263,5,1,0,36.2
Leeds,E00058308,321,14,5,0,40.8
Leeds,E00058309,297,25,3,4,48.4
Leeds,E00058310,284,34,7,4,47.8
Leeds,E00058311,292,18,1,3,40.4
Leeds,E00058312,174,9,3,0,44.4
Leeds,E00058313,331,15,4,5,40.4
Leeds,E00058314,278,37,7,4,47.7
Leeds,E00058315,285,26,7,8,44.9
Leeds,E00058317,267,19,4,4,42.6
Leeds,E00058318,237,9,3,0,40.5
Leeds,E00058319,253,25,6,2,45.9
Leeds,E00058320,279,13,5,1,44.7
Leeds,E00058321,305,37,16,20,49.7
Leeds,E00058322,266,34,2,2,47.6
Leeds,E00058323,326,32,8,3,42.3
Leeds,E00058325,293,30,6,1,49.6
Leeds,E00058326,309,25,8,3,46.8
Leeds,E00058327,430,9,4,0,39.2
Leeds,E00058328,292,38,7,6,48.8
Leeds,E00058329,269,34,9,1,45.7
Leeds,E00058330,320,28,6,3,44.8
Leeds,E00058331,329,24,2,3,44.5
Leeds,E00058332,171,9,0,0,39.4
Leeds,E00058333,311,18,6,1,43.3
Leeds,E00058334,273,17,3,1,42.8
Leeds,E00058335,228,41,6,11,54.1
Leeds,E00058336,282,20,2,1,42.4
Leeds,E00058337,301,28,8,2,47.8
Leeds,E00058338,320,17,8,2,43.3
Leeds,E00058339,275,9,5,0,39.2
Leeds,E00058340,410,31,7,0,43.5
Leeds,E00058341,267,17,4,1,46.1
Leeds,E00058342,217,20,0,1,39.3
Leeds,E00058343,249,10,2,1,35.4
Leeds,E00058344,299,32,3,3,48.3
Leeds,E00058345,279,27,5,1,41.9
Leeds,E00058346,292,24,7,5,44.9
Leeds,E00058347,296,18,7,3,43.8
Leeds,E00058348,300,8,1,0,37.6
Leeds,E00058349,242,18,4,4,43.1
Leeds,E00058350,292,12,6,1,41.5
Leeds,E00058351,304,28,24,23,50.0
Leeds,E00058352,262,18,6,4,42.1
Leeds,E00058353,242,19,21,17,48.5
Leeds,E00058354,353,10,0,0,35.9
Leeds,E00058355,247,1,1,0,38.3
Leeds,E00058356,368,21,1,1,37.0
Leeds,E00058357,260,26,12,5,53.3
Leeds,E00058358,259,13,1,1,40.1
Leeds,E00058359,266,6,7,2,40.4
Leeds,E00058360,245,15,7,3,44.1
Leeds,E00058361,293,8,3,0,42.1
Leeds,E00058362,296,36,16,9,50.7
Leeds,E00058363,269,32,7,1,48.4
Leeds,E00058364,390,16,6,3,41.2
Leeds,E00058365,309,4,1,1,34.3
Leeds,E00058366,289,24,5,1,44.8
Leeds,E00058367,322,24,6,9,44.7
Leeds,E00058368,273,43,3,1,50.2
Leeds,E00058369,368,28,10,2,43.3
Leeds,E00058370,230,13,4,3,39.7
Leeds,E00058371,330,10,4,4,40.6
Leeds,E00058372,318,9,3,4,36.8
Leeds,E00058373,274,14,2,0,33.7
Leeds,E00058374,285,18,2,0,36.1
Leeds,E00058375,281,22,10,1,41.6
Leeds,E00058376,283,13,7,4,44.5
Leeds,E00058377,169,19,5,2,48.2
Leeds,E00058378,272,11,5,1,41.8
Leeds,E00058379,197,23,12,7,52.9
Leeds,E00058380,281,20,6,6,48.1
Leeds,E00058381,302,11,3,2,37.9
Leeds,E00058382,284,34,6,5,44.4
Leeds,E00058383,577,19,3,0,36.3
Leeds,E00058384,349,29,6,0,45.2
Leeds,E00058385,252,20,2,2,42.1
Leeds,E00058386,520,35,5,3,40.0
Leeds,E00058387,319,16,3,0,40.1
Leeds,E00058388,316,7,0,0,41.0
Leeds,E00058389,327,40,12,14,49.3
Leeds,E00058390,367,8,2,0,38.7
Leeds,E00058391,385,19,4,2,38.8
Leeds,E00058392,334,12,1,2,33.5
Leeds,E00058393,241,18,3,3,42.8
Leeds,E00058394,246,8,3,2,38.3
Leeds,E00058395,362,12,1,1,35.9
Leeds,E00058396,381,24,9,0,38.2
Leeds,E00058397,395,30,8,5,38.8
Leeds,E00058398,332,12,4,2,34.9
Leeds,E00058399,373,23,5,1,36.6
Leeds,E00058400,313,29,3,1,41.4
Leeds,E00058401,351,17,7,1,37.3
Leeds,E00058402,327,14,3,3,38.0
Leeds,E00058403,254,9,4,1,42.0
Leeds,E00058404,344,30,15,8,40.8
Leeds,E00058405,268,11,2,1,35.9
Leeds,E00058406,270,23,4,1,42.3
Leeds,E00058407,458,14,0,1,33.5
Leeds,E00058408,273,14,1,1,38.3
Leeds,E00058409,318,32,3,3,43.9
Leeds,E00058410,256,13,1,1,39.4
Leeds,E00058411,309,13,4,1,36.4
Leeds,E00058412,299,9,6,0,37.1
Leeds,E00058413,285,19,0,0,44.6
Leeds,E00058414,274,32,13,6,48.5
Leeds,E00058415,351,17,6,10,37.9
Leeds,E00058416,453,11,4,0,34.8
Leeds,E00058417,277,12,1,2,39.4
Leeds,E00058418,325,27,8,4,40.4
Leeds,E00058419,307,11,0,1,34.6
Leeds,E00058420,234,10,2,3,36.5
Leeds,E00058421,300,24,12,5,42.6
Leeds,E00058422,295,2,1,0,31.3
Leeds,E00058423,300,4,1,3,37.2
Leeds,E00058424,235,12,2,1,38.9
Leeds,E00058425,200,9,6,0,39.2
Leeds,E00058426,381,25,6,0,37.9
Leeds,E00058427,333,15,6,0,35.4
Leeds,E00058428,305,20,5,0,38.6
Leeds,E00058429,291,9,2,0,35.6
Leeds,E00058430,339,27,4,6,40.7
Leeds,E00058431,266,13,3,1,35.8
Leeds,E00058432,219,23,8,5,50.3
Leeds,E00058433,280,24,2,1,41.8
Leeds,E00058434,310,30,4,2,45.1
Leeds,E00058435,282,9,1,2,37.1
Leeds,E00058436,276,18,2,3,40.0
Leeds,E00058437,226,11,2,3,38.4
Leeds,E00058438,266,9,3,2,38.9
Leeds,E00058439,221,7,7,3,39.8
Leeds,E00058440,266,22,6,1,41.2
Leeds,E00058441,343,37,6,4,45.5
Leeds,E00058442,278,18,3,0,38.1
Leeds,E00058443,282,11,2,2,37.4
Leeds,E00058444,357,20,3,1,40.7
Leeds,E00058445,319,16,6,3,41.1
Leeds,E00058446,291,9,0,0,34.4
Leeds,E00058447,376,26,5,1,44.3
Leeds,E00058448,234,18,6,0,45.4
Leeds,E00058449,373,11,3,3,38.5
Leeds,E00058450,282,17,1,0,39.7
Leeds,E00058451,260,13,8,1,39.7
Leeds,E00058452,378,10,3,1,35.0
Leeds,E00058453,389,4,0,1,36.1
Leeds,E00058454,378,16,1,1,36.5
Leeds,E00058455,304,9,5,0,43.8
Leeds,E00058456,285,22,6,3,47.4
Leeds,E00058457,282,31,3,0,44.6
Leeds,E00058458,537,19,7,0,37.8
Leeds,E00058459,211,3,4,0,39.8
Leeds,E00058460,208,12,5,1,43.3
Leeds,E00058461,251,26,8,1,46.4
Leeds,E00058462,275,4,1,1,32.8
Leeds,E00058463,272,16,7,2,39.9
Leeds,E00058464,308,22,8,2,44.4
Leeds,E00058465,314,9,0,0,37.5
Leeds,E00058466,184,2,0,0,29.1
Leeds,E00058467,281,5,3,0,34.9
Leeds,E00058468,329,12,4,2,40.1
Leeds,E00058469,352,14,6,1,38.8
Leeds,E00058470,371,11,1,0,36.4
Leeds,E00058471,272,28,13,4,46.8
Leeds,E00058472,356,9,4,1,36.3
Leeds,E00058473,312,20,6,0,38.7
Leeds,E00058474,297,22,6,1,43.0
Leeds,E00058475,323,22,4,2,39.2
Leeds,E00058476,292,33,4,1,44.8
Leeds,E00058477,294,22,10,4,44.6
Leeds,E00058478,386,13,1,1,38.5
Leeds,E00058479,309,12,3,1,38.1
Leeds,E00058480,292,21,5,2,41.6
Leeds,E00058481,263,25,6,2,45.3
Leeds,E00058482,323,27,14,12,47.3
Leeds,E00058484,272,12,6,5,36.3
Leeds,E00058485,278,39,11,16,53.5
Leeds,E00058486,398,16,6,1,37.9
Leeds,E00058487,309,16,4,1,42.8
Leeds,E00058488,350,17,2,0,35.7
Leeds,E00058489,305,13,1,0,34.6
Leeds,E00058490,372,26,3,3,39.6
Leeds,E00058491,324,19,7,1,37.0
Leeds,E00058492,375,23,15,9,43.4
Leeds,E00058493,267,23,8,3,40.6
Leeds,E00058494,181,44,17,14,62.8
Leeds,E00058495,267,20,5,4,47.2
Leeds,E00058496,295,7,1,0,36.1
Leeds,E00058497,378,21,6,2,38.2
Leeds,E00058498,326,17,8,3,39.5
Leeds,E00058499,288,19,6,2,46.2
Leeds,E00058500,310,34,4,0,43.2
Leeds,E00058501,301,2,1,0,30.5
Leeds,E00058502,293,18,0,1,43.5
Leeds,E00058503,287,15,6,0,40.0
Leeds,E00058504,342,6,0,1,32.1
Leeds,E00058505,273,7,4,2,39.0
Leeds,E00058506,314,14,2,0,36.8
Leeds,E00058507,326,25,6,1,39.3
Leeds,E00058508,284,27,9,1,41.4
Leeds,E00058509,227,5,4,0,41.0
Leeds,E00058510,252,11,2,2,40.9
Leeds,E00058511,344,7,0,0,38.9
Leeds,E00058512,349,25,2,0,41.5
Leeds,E00058513,283,5,2,0,31.6
Leeds,E00058514,272,5,3,0,30.7
Leeds,E00058515,250,26,3,2,46.4
Leeds,E00058516,214,21,10,2,41.1
Leeds,E00058517,350,19,9,3,36.0
Leeds,E00058518,236,6,2,0,32.7
Leeds,E00058519,210,13,1,2,37.0
Leeds,E00058520,203,15,3,1,41.7
Leeds,E00058521,289,13,2,4,40.1
Leeds,E00058522,250,14,7,2,39.0
Leeds,E00058523,257,19,4,0,38.9
Leeds,E00058524,213,2,0,0,28.4
Leeds,E00058525,265,7,1,1,37.7
Leeds,E00058526,305,9,6,2,42.8
Leeds,E00058527,338,24,2,0,41.9
Leeds,E00058528,242,16,2,0,40.3
Leeds,E00058529,278,21,0,2,40.0
Leeds,E00058530,173,54,15,7,66.3
Leeds,E00058531,249,8,2,0,30.1
Leeds,E00058532,240,17,5,2,37.1
Leeds,E00058533,294,14,13,13,43.5
Leeds,E00058534,213,42,11,13,58.5
Leeds,E00058535,299,38,15,18,52.4
Leeds,E00058536,266,26,9,5,45.9
Leeds,E00058537,290,19,1,1,41.7
Leeds,E00058538,321,28,5,3,45.0
Leeds,E00058539,293,9,4,0,31.7
Leeds,E00058540,272,9,3,1,34.6
Leeds,E00058541,323,7,0,0,29.2
Leeds,E00058543,248,14,0,2,36.2
Leeds,E00058544,587,5,1,1,25.7
Leeds,E00058545,277,12,3,1,37.5
Leeds,E00058546,165,4,1,1,32.9
Leeds,E00058547,308,33,13,6,47.7
Leeds,E00058548,387,17,5,1,34.4
Leeds,E00058549,334,19,0,0,32.9
Leeds,E00058550,269,12,1,2,32.1
Leeds,E00058551,377,33,8,6,46.6
Leeds,E00058552,356,6,0,0,31.1
Leeds,E00058554,255,12,1,3,39.1
Leeds,E00058555,448,19,3,0,35.9
Leeds,E00058556,268,14,3,0,35.2
Leeds,E00058557,242,5,5,2,32.5
Leeds,E00058558,384,18,4,0,38.5
Leeds,E00058559,289,11,1,1,35.0
Leeds,E00058561,256,4,2,0,31.5
Leeds,E00058562,263,22,6,2,47.4
Leeds,E00058563,252,12,5,1,36.3
Leeds,E00058564,437,20,2,1,33.8
Leeds,E00058565,195,5,2,1,31.9
Leeds,E00058566,299,11,2,0,33.0
Leeds,E00058567,333,1,1,1,27.2
Leeds,E00058568,259,6,5,1,31.7
Leeds,E00058571,397,10,0,0,27.1
Leeds,E00058572,470,18,1,2,31.3
Leeds,E00058573,302,12,3,3,36.0
Leeds,E00058574,314,8,2,1,33.1
Leeds,E00058575,173,26,3,0,48.6
Leeds,E00058576,297,11,3,0,35.0
Leeds,E00058577,298,12,2,1,36.3
Leeds,E00058578,275,1,1,0,27.1
Leeds,E00058579,230,14,3,2,35.3
Leeds,E00058580,316,12,2,2,31.8
Leeds,E00058581,295,23,6,1,41.8
Leeds,E00058583,167,18,7,3,48.8
Leeds,E00058585,240,7,0,1,30.8
Leeds,E00058586,174,6,1,1,37.6
Leeds,E00058587,198,3,0,0,30.4
Leeds,E00058588,319,15,3,2,38.6
Leeds,E00058589,317,16,2,2,35.2
Leeds,E00058590,336,15,2,2,35.1
Leeds,E00058591,229,13,4,0,38.9
Leeds,E00058592,329,3,1,0,30.3
Leeds,E00058593,306,5,0,0,30.1
Leeds,E00058594,302,13,2,1,34.8
Leeds,E00058595,278,14,1,3,36.4
Leeds,E00058596,291,12,3,2,35.2
Leeds,E00058597,357,9,0,0,31.3
Leeds,E00058598,233,8,1,0,28.7
Leeds,E00058599,295,3,1,1,32.8
Leeds,E00058600,267,12,3,4,34.0
Leeds,E00058601,345,5,5,0,34.6
Leeds,E00058602,276,23,3,1,43.3
Leeds,E00058603,248,30,6,2,51.5
Leeds,E00058604,270,19,5,2,48.2
Leeds,E00058605,316,30,3,4,46.9
Leeds,E00058606,350,17,14,14,45.3
Leeds,E00058607,406,0,0,0,33.4
Leeds,E00058608,369,8,1,2,29.6
Leeds,E00058609,398,8,0,0,32.3
Leeds,E00058610,351,40,6,1,46.5
Leeds,E00058611,382,14,5,1,33.1
Leeds,E00058612,282,15,5,1,36.1
Leeds,E00058613,312,20,2,0,41.4
Leeds,E00058614,290,38,12,10,45.9
Leeds,E00058616,321,39,7,2,49.1
Leeds,E00058618,322,15,10,1,40.5
Leeds,E00058619,284,20,4,5,41.0
Leeds,E00058620,293,23,6,1,46.2
Leeds,E00058621,254,17,3,1,44.1
Leeds,E00058622,228,15,4,2,45.5
Leeds,E00058623,311,6,0,0,38.1
Leeds,E00058624,254,18,4,6,46.0
Leeds,E00058625,292,20,1,3,40.6
Leeds,E00058626,254,14,2,0,40.8
Leeds,E00058627,202,18,6,2,42.8
Leeds,E00058628,308,15,2,1,40.4
Leeds,E00058629,269,29,6,4,48.8
Leeds,E00058630,344,35,5,3,43.6
Leeds,E00058631,235,17,3,4,44.4
Leeds,E00058632,264,15,8,1,36.3
Leeds,E00058633,336,23,3,1,38.6
Leeds,E00058634,232,29,21,17,53.5
Leeds,E00058635,259,11,5,3,38.2
Leeds,E00058636,284,15,1,2,40.9
Leeds,E00058637,295,19,6,1,44.1
Leeds,E00058638,282,38,3,2,51.4
Leeds,E00058639,355,5,2,1,34.9
Leeds,E00058640,344,28,3,1,41.8
Leeds,E00058641,498,26,6,2,40.5
Leeds,E00058642,296,27,4,2,50.7
Leeds,E00058643,294,21,1,2,42.4
Leeds,E00058644,250,21,1,1,38.7
Leeds,E00058646,268,6,4,1,38.9
Leeds,E00058647,289,30,7,2,45.0
Leeds,E00058648,288,4,0,0,32.6
Leeds,E00058649,320,16,6,4,37.2
Leeds,E00058650,259,22,8,4,42.5
Leeds,E00058651,286,21,1,0,40.5
Leeds,E00058652,417,13,3,2,37.6
Leeds,E00058653,305,12,2,1,35.9
Leeds,E00058654,286,12,0,1,39.2
Leeds,E00058655,166,28,6,2,45.5
Leeds,E00058656,280,11,0,0,40.8
Leeds,E00058657,255,30,6,3,48.5
Leeds,E00058658,253,28,5,4,52.0
Leeds,E00058659,263,19,10,2,40.4
Leeds,E00058660,277,12,4,2,37.8
Leeds,E00058661,251,20,9,5,45.2
Leeds,E00058662,252,12,8,2,35.5
Leeds,E00058663,272,17,5,0,37.5
Leeds,E00058664,318,21,4,0,43.9
Leeds,E00058665,287,14,4,6,41.4
Leeds,E00058666,257,25,3,0,49.2
Leeds,E00058667,174,37,8,4,52.8
Leeds,E00058668,381,33,2,2,41.7
Leeds,E00058669,335,23,1,2,34.9
Leeds,E00058670,302,16,1,1,34.0
Leeds,E00058671,400,60,32,30,52.9
Leeds,E00058672,373,21,0,3,38.0
Leeds,E00058673,312,12,3,1,40.3
Leeds,E00058674,210,20,5,1,45.6
Leeds,E00058675,286,34,18,28,51.3
Leeds,E00058676,304,16,3,1,39.4
Leeds,E00058677,325,19,4,11,39.9
Leeds,E00058678,387,15,2,4,35.7
Leeds,E00058679,600,26,6,1,32.8
Leeds,E00058680,291,9,5,0,38.2
Leeds,E00058681,415,18,3,1,33.9
Leeds,E00058682,426,12,4,1,35.8
Leeds,E00058683,222,17,5,2,42.8
Leeds,E00058684,333,18,12,1,40.8
Leeds,E00058685,327,7,0,0,30.2
Leeds,E00058686,404,24,7,9,43.1
Leeds,E00058687,308,5,2,1,36.3
Leeds,E00058688,292,19,9,15,45.3
Leeds,E00058689,353,27,27,13,45.3
Leeds,E00058690,324,18,6,0,39.9
Leeds,E00058691,348,13,5,5,38.9
Leeds,E00058692,288,13,2,1,38.4
Leeds,E00058693,345,23,2,1,37.4
Leeds,E00058694,241,25,10,1,47.6
Leeds,E00058695,239,13,2,1,40.6
Leeds,E00058696,253,24,1,1,41.5
Leeds,E00058697,211,29,14,2,49.3
Leeds,E00058698,352,15,10,0,38.3
Leeds,E00058699,370,24,3,0,40.9
Leeds,E00058700,273,13,14,4,39.8
Leeds,E00058701,392,29,3,4,38.1
Leeds,E00058702,269,19,7,0,37.9
Leeds,E00058703,368,25,7,13,39.2
Leeds,E00058704,355,32,6,16,48.7
Leeds,E00058705,163,4,0,0,34.6
Leeds,E00058706,236,19,7,2,45.6
Leeds,E00058707,336,20,5,2,36.1
Leeds,E00058708,372,26,11,9,40.1
Leeds,E00058709,317,7,4,2,34.7
Leeds,E00058710,285,9,2,1,37.9
Leeds,E00058711,276,8,2,1,34.1
Leeds,E00058712,309,12,4,3,39.1
Leeds,E00058713,310,13,3,0,37.2
Leeds,E00058714,366,16,4,0,35.0
Leeds,E00058715,409,18,7,2,35.6
Leeds,E00058716,386,23,4,2,36.1
Leeds,E00058717,453,14,2,0,31.6
Leeds,E00058718,348,19,8,2,38.4
Leeds,E00058719,433,15,5,2,30.9
Leeds,E00058720,464,21,1,1,32.0
Leeds,E00058721,323,13,7,5,41.7
Leeds,E00058722,209,7,0,1,34.7
Leeds,E00058723,309,8,5,0,37.5
Leeds,E00058724,305,8,1,0,36.9
Leeds,E00058725,212,12,6,6,42.2
Leeds,E00058726,213,45,32,18,61.5
Leeds,E00058727,317,8,1,0,33.4
Leeds,E00058728,179,15,6,3,43.1
Leeds,E00058729,272,17,1,1,42.8
Leeds,E00058730,240,19,4,1,40.3
Leeds,E00058731,279,13,0,3,40.0
Leeds,E00058732,321,7,1,1,36.3
Leeds,E00058733,268,21,4,3,43.1
Leeds,E00058734,383,29,3,1,41.7
Leeds,E00058735,228,29,8,4,50.3
Leeds,E00058736,333,13,4,2,39.6
Leeds,E00058737,114,9,2,0,44.7
Leeds,E00058738,258,30,4,1,47.2
Leeds,E00058739,246,21,2,4,44.1
Leeds,E00058740,287,21,7,0,46.4
Leeds,E00058741,155,6,1,1,34.0
Leeds,E00058742,320,15,0,1,41.7
Leeds,E00058743,308,5,0,0,29.5
Leeds,E00058744,461,0,0,0,24.4
Leeds,E00058745,317,20,5,2,32.5
Leeds,E00058746,325,5,3,0,25.9
Leeds,E00058747,307,18,4,1,40.0
Leeds,E00058748,252,3,2,0,28.8
Leeds,E00058749,348,7,2,2,33.9
Leeds,E00058750,236,9,2,2,36.9
Leeds,E00058751,169,29,8,3,58.3
Leeds,E00058752,263,25,9,3,45.2
Leeds,E00058753,379,8,3,2,33.4
Leeds,E00058754,267,17,2,3,38.2
Leeds,E00058755,325,7,2,1,31.3
Leeds,E00058756,227,10,2,1,32.2
Leeds,E00058757,253,15,4,4,43.1
Leeds,E00058759,260,3,1,0,26.1
Leeds,E00058760,175,2,0,0,37.1
Leeds,E00058761,198,4,3,1,27.9
Leeds,E00058762,356,1,1,1,27.3
Leeds,E00058764,307,18,5,1,37.4
Leeds,E00058765,291,22,5,0,39.9
Leeds,E00058766,408,5,1,0,23.2
Leeds,E00058767,310,16,2,5,41.0
Leeds,E00058768,248,13,1,0,39.3
Leeds,E00058769,441,8,0,0,27.4
Leeds,E00058770,264,8,1,0,34.2
Leeds,E00058771,336,12,3,2,39.3
Leeds,E00058772,246,20,2,2,41.5
Leeds,E00058773,217,16,2,2,39.4
Leeds,E00058774,241,8,2,2,36.0
Leeds,E00058775,300,3,0,0,30.4
Leeds,E00058776,351,19,5,2,34.8
Leeds,E00058777,242,4,2,0,32.1
Leeds,E00058778,265,18,2,1,37.8
Leeds,E00058779,284,14,5,1,36.4
Leeds,E00058780,345,17,10,0,36.9
Leeds,E00058781,306,9,2,0,29.1
Leeds,E00058782,293,15,5,4,38.8
Leeds,E00058783,290,20,0,2,37.6
Leeds,E00058784,298,11,2,3,36.1
Leeds,E00058785,210,22,3,1,47.5
Leeds,E00058786,214,18,8,7,41.2
Leeds,E00058787,264,23,8,4,41.9
Leeds,E00058788,248,69,27,25,68.7
Leeds,E00058789,270,15,7,1,39.8
Leeds,E00058790,270,7,3,1,40.2
Leeds,E00058791,286,18,16,3,44.5
Leeds,E00058792,324,17,3,0,37.2
Leeds,E00058793,286,20,6,0,39.9
Leeds,E00058794,279,35,15,13,52.6
Leeds,E00058795,279,22,11,4,42.0
Leeds,E00058796,248,14,8,1,38.2
Leeds,E00058797,247,14,2,3,42.0
Leeds,E00058798,241,13,6,2,34.6
Leeds,E00058799,291,7,1,0,32.7
Leeds,E00058800,263,3,0,1,24.8
Leeds,E00058801,278,4,0,1,25.4
Leeds,E00058802,164,0,0,0,25.5
Leeds,E00058803,186,11,6,0,42.4
Leeds,E00058805,350,3,0,0,29.0
Leeds,E00058806,382,5,0,0,27.0
Leeds,E00058807,323,18,3,3,36.5
Leeds,E00058808,441,7,3,0,29.9
Leeds,E00058809,383,1,0,0,28.0
Leeds,E00058810,424,5,0,0,26.4
Leeds,E00058811,292,4,3,0,26.6
Leeds,E00058812,408,5,2,0,28.6
Leeds,E00058813,222,2,0,0,30.0
Leeds,E00058814,228,1,1,0,24.4
Leeds,E00058815,218,4,0,0,27.3
Leeds,E00058816,310,8,0,1,29.1
Leeds,E00058817,479,11,1,0,28.7
Leeds,E00058818,303,9,0,0,28.3
Leeds,E00058821,391,2,0,1,25.9
Leeds,E00058823,221,1,0,0,24.9
Leeds,E00058826,274,0,0,1,23.4
Leeds,E00058827,157,3,2,0,26.1
Leeds,E00058828,259,1,0,0,27.0
Leeds,E00058829,141,3,0,0,34.5
Leeds,E00058830,154,2,1,0,25.5
Leeds,E00058831,141,0,0,0,24.3
Leeds,E00058832,295,2,1,2,29.1
Leeds,E00058833,179,1,1,0,25.5
Leeds,E00058834,201,2,0,0,26.3
Leeds,E00058836,162,7,2,1,34.8
Leeds,E00058837,268,13,4,3,36.7
Leeds,E00058838,337,5,2,1,32.4
Leeds,E00058839,144,13,2,4,44.7
Leeds,E00058840,247,4,0,0,31.4
Leeds,E00058842,355,0,0,0,26.1
Leeds,E00058843,215,9,4,0,35.0
Leeds,E00058844,249,8,2,1,28.4
Leeds,E00058847,242,6,2,1,33.9
Leeds,E00058849,280,2,0,0,27.9
Leeds,E00058850,252,8,0,0,30.7
Leeds,E00058851,179,7,1,0,34.6
Leeds,E00058852,231,6,0,0,25.7
Leeds,E00058853,257,3,3,0,26.4
Leeds,E00058854,356,3,2,1,29.1
Leeds,E00058855,519,2,0,0,25.3
Leeds,E00058856,454,1,0,0,23.4
Leeds,E00058858,291,27,2,0,38.7
Leeds,E00058859,134,1,1,0,28.8
Leeds,E00058861,166,9,2,0,41.8
Leeds,E00058862,274,5,2,0,29.0
Leeds,E00058864,333,2,0,0,28.8
Leeds,E00058865,295,40,7,3,49.4
Leeds,E00058866,"1,018",0,0,0,20.8
Leeds,E00058867,142,15,1,2,47.6
Leeds,E00058869,185,3,0,0,27.8
Leeds,E00058870,318,0,0,0,27.2
Leeds,E00058871,135,15,4,0,50.3
Leeds,E00058872,354,0,0,1,25.8
Leeds,E00058873,163,1,0,0,28.8
Leeds,E00058874,240,10,2,0,34.2
Leeds,E00058875,134,13,3,1,51.1
Leeds,E00058876,200,2,0,1,29.9
Leeds,E00058877,321,0,0,0,27.2
Leeds,E00058878,245,2,3,1,33.1
Leeds,E00058879,284,7,1,0,27.4
Leeds,E00058880,296,5,2,0,30.4
Leeds,E00058881,587,3,0,0,23.8
Leeds,E00058884,127,3,0,0,26.2
Leeds,E00058885,222,1,0,0,24.4
Leeds,E00058887,365,20,3,2,39.3
Leeds,E00058889,233,1,0,0,28.2
Leeds,E00058890,228,6,1,1,28.2
Leeds,E00058891,207,12,2,1,41.7
Leeds,E00058892,131,4,1,0,36.1
Leeds,E00058893,271,6,1,0,32.6
Leeds,E00058894,336,14,4,1,32.2
Leeds,E00058895,210,5,2,1,33.4
Leeds,E00058896,305,8,0,4,30.8
Leeds,E00058897,320,12,5,3,31.3
Leeds,E00058898,326,15,3,3,33.7
Leeds,E00058899,"1,198",0,0,0,19.7
Leeds,E00058900,309,14,3,2,33.9
Leeds,E00058902,547,31,8,3,41.8
Leeds,E00058903,297,21,10,1,43.1
Leeds,E00058904,403,26,0,0,37.5
Leeds,E00058905,208,7,2,2,36.8
Leeds,E00058906,258,15,2,2,39.7
Leeds,E00058907,364,11,2,4,34.8
Leeds,E00058909,174,12,1,0,36.3
Leeds,E00058910,281,9,3,3,41.0
Leeds,E00058911,357,54,26,14,46.8
Leeds,E00058912,305,36,13,7,46.0
Leeds,E00058913,137,1,1,0,33.6
Leeds,E00058914,299,10,5,0,32.4
Leeds,E00058915,182,9,0,2,42.5
Leeds,E00058917,300,12,2,0,35.1
Leeds,E00058918,229,8,2,1,33.2
Leeds,E00058919,380,22,4,2,35.9
Leeds,E00058920,129,18,7,7,49.2
Leeds,E00058921,226,15,3,0,38.0
Leeds,E00058922,189,23,3,4,47.1
Leeds,E00058923,252,5,0,0,33.8
Leeds,E00058924,246,15,9,7,43.5
Leeds,E00058925,233,10,6,1,36.5
Leeds,E00058926,388,9,2,0,28.6
Leeds,E00058927,200,2,1,1,32.8
Leeds,E00058928,266,6,0,2,32.5
Leeds,E00058929,234,6,0,0,34.3
Leeds,E00058930,216,8,3,2,34.3
Leeds,E00058931,307,7,3,1,26.8
Leeds,E00058932,303,8,8,2,33.5
Leeds,E00058933,281,17,6,3,38.5
Leeds,E00058934,266,11,5,4,41.8
Leeds,E00058935,216,12,4,1,42.4
Leeds,E00058936,240,15,7,0,36.5
Leeds,E00058937,305,43,14,19,45.2
Leeds,E00058938,245,6,3,1,30.3
Leeds,E00058939,190,7,2,1,39.6
Leeds,E00058940,173,13,6,3,43.5
Leeds,E00058941,231,14,8,0,40.3
Leeds,E00058942,292,16,2,1,42.1
Leeds,E00058943,197,15,1,0,38.4
Leeds,E00058944,277,26,5,5,45.3
Leeds,E00058945,336,12,4,4,38.5
Leeds,E00058947,348,37,5,1,44.8
Leeds,E00058948,238,16,4,4,44.1
Leeds,E00058949,291,17,4,5,36.5
Leeds,E00058950,367,25,12,6,38.8
Leeds,E00058951,267,17,7,1,39.5
Leeds,E00058952,260,36,9,6,49.0
Leeds,E00058953,236,24,8,1,40.9
Leeds,E00058954,271,32,11,1,41.4
Leeds,E00058955,281,18,8,0,43.8
Leeds,E00058956,165,16,2,1,40.0
Leeds,E00058957,363,15,6,1,40.7
Leeds,E00058958,198,25,7,5,54.0
Leeds,E00058959,293,3,0,0,30.5
Leeds,E00058960,228,15,3,1,37.9
Leeds,E00058961,345,33,7,4,47.7
Leeds,E00058962,343,15,4,3,44.0
Leeds,E00058963,339,14,4,0,38.4
Leeds,E00058964,360,45,12,1,48.4
Leeds,E00058965,456,13,3,0,35.4
Leeds,E00058966,322,19,3,4,42.9
Leeds,E00058967,360,15,9,4,43.0
Leeds,E00058968,367,39,12,1,45.4
Leeds,E00058969,236,23,7,0,49.4
Leeds,E00058970,273,21,5,4,41.3
Leeds,E00058971,330,31,2,7,44.1
Leeds,E00058972,299,28,8,0,45.2
Leeds,E00058973,292,20,9,0,44.8
Leeds,E00058974,258,32,6,9,53.5
Leeds,E00058975,275,19,4,5,49.3
Leeds,E00058976,316,37,15,26,50.7
Leeds,E00058977,287,17,9,3,44.8
Leeds,E00058978,310,17,6,4,41.3
Leeds,E00058979,262,25,7,1,44.2
Leeds,E00058980,251,35,11,4,51.2
Leeds,E00058981,323,15,5,0,43.6
Leeds,E00058982,291,14,4,3,41.2
Leeds,E00058983,268,8,0,1,41.7
Leeds,E00058984,310,22,4,2,45.3
Leeds,E00058985,167,11,0,0,43.9
Leeds,E00058986,305,23,2,0,44.3
Leeds,E00058987,309,24,6,2,40.3
Leeds,E00058988,256,23,4,2,40.5
Leeds,E00058989,381,23,2,2,40.8
Leeds,E00058990,272,20,3,3,46.4
Leeds,E00058991,260,13,5,2,45.3
Leeds,E00058992,262,12,4,1,44.4
Leeds,E00058993,231,22,4,1,42.4
Leeds,E00058994,378,21,3,0,40.3
Leeds,E00058995,349,44,11,1,46.5
Leeds,E00058996,327,19,7,0,44.7
Leeds,E00058997,295,27,4,0,42.7
Leeds,E00058998,334,12,4,2,42.3
Leeds,E00058999,235,28,6,6,51.1
Leeds,E00059000,247,29,7,3,46.8
Leeds,E00059001,284,29,5,4,40.8
Leeds,E00059002,323,37,7,3,45.9
Leeds,E00059003,219,16,7,6,48.9
Leeds,E00059004,259,19,3,0,44.7
Leeds,E00059005,353,19,1,0,42.9
Leeds,E00059006,283,11,2,3,41.7
Leeds,E00059007,251,18,4,4,46.3
Leeds,E00059008,311,33,7,5,45.7
Leeds,E00059010,225,12,2,1,42.5
Leeds,E00059011,345,18,1,2,39.7
Leeds,E00059012,278,35,2,1,48.6
Leeds,E00059013,346,32,5,2,43.2
Leeds,E00059014,324,34,11,2,47.9
Leeds,E00059015,452,18,6,2,38.2
Leeds,E00059016,295,25,6,0,46.5
Leeds,E00059017,215,33,17,18,59.1
Leeds,E00059018,294,29,5,9,43.5
Leeds,E00059019,281,22,7,0,42.6
Leeds,E00059020,302,22,2,0,43.9
Leeds,E00059021,269,18,1,0,44.2
Leeds,E00059022,294,19,1,1,45.4
Leeds,E00059023,295,11,4,1,43.4
Leeds,E00059024,308,18,3,1,43.9
Leeds,E00059025,512,18,1,0,31.8
Leeds,E00059026,248,7,2,0,43.3
Leeds,E00059027,196,8,2,0,38.4
Leeds,E00059028,269,17,5,2,45.9
Leeds,E00059029,237,34,3,5,51.0
Leeds,E00059030,281,25,6,2,47.4
Leeds,E00059031,276,18,2,2,43.3
Leeds,E00059032,317,18,6,1,38.5
Leeds,E00059033,233,31,5,3,50.9
Leeds,E00059034,250,31,5,7,52.3
Leeds,E00059035,187,20,9,4,55.9
Leeds,E00059036,281,33,15,6,49.9
Leeds,E00059037,267,28,7,0,52.8
Leeds,E00059038,284,15,6,3,43.9
Leeds,E00059039,245,9,4,2,49.5
Leeds,E00059040,326,35,7,1,44.5
Leeds,E00059041,238,35,11,5,49.0
Leeds,E00059042,283,8,4,2,35.3
Leeds,E00059043,183,41,5,7,57.4
Leeds,E00059044,305,12,5,1,38.1
Leeds,E00059045,286,35,15,4,50.3
Leeds,E00059047,176,46,8,8,60.5
Leeds,E00059048,284,11,2,1,36.2
Leeds,E00059049,292,26,2,1,40.1
Leeds,E00059050,338,18,2,1,34.9
Leeds,E00059051,428,50,26,9,45.2
Leeds,E00059052,268,20,4,2,38.7
Leeds,E00059053,258,15,1,2,35.9
Leeds,E00059054,358,16,6,1,39.6
Leeds,E00059055,302,12,4,1,39.7
Leeds,E00059056,261,24,1,3,40.8
Leeds,E00059057,332,18,2,3,42.7
Leeds,E00059058,262,20,6,3,42.1
Leeds,E00059059,295,22,5,3,45.4
Leeds,E00059060,304,15,5,3,42.2
Leeds,E00059061,203,29,5,6,50.2
Leeds,E00059062,238,23,2,2,44.2
Leeds,E00059063,328,10,0,1,34.4
Leeds,E00059064,337,10,4,1,38.2
Leeds,E00059065,330,14,2,6,39.2
Leeds,E00059066,246,4,1,0,33.6
Leeds,E00059067,232,12,2,1,36.0
Leeds,E00059068,323,8,1,1,36.9
Leeds,E00059069,292,14,1,0,36.0
Leeds,E00059070,261,14,4,0,43.0
Leeds,E00059071,289,12,1,0,36.5
Leeds,E00059072,312,7,6,0,37.5
Leeds,E00059073,292,8,1,2,36.1
Leeds,E00059074,249,17,4,1,38.8
Leeds,E00059075,255,11,2,2,41.9
Leeds,E00059076,301,5,1,2,34.6
Leeds,E00059077,198,28,5,8,55.6
Leeds,E00059078,209,12,4,3,42.5
Leeds,E00059079,125,3,1,2,35.5
Leeds,E00059080,312,7,5,1,34.2
Leeds,E00059081,324,1,2,2,30.1
Leeds,E00059082,449,6,1,0,29.2
Leeds,E00059083,307,21,0,0,38.7
Leeds,E00059084,294,11,1,1,36.6
Leeds,E00059085,250,33,4,4,42.8
Leeds,E00059086,246,10,2,0,34.9
Leeds,E00059087,290,12,0,0,30.4
Leeds,E00059088,319,16,1,3,35.6
Leeds,E00059089,323,15,2,1,32.4
Leeds,E00059090,400,13,5,1,30.6
Leeds,E00059091,314,33,21,11,49.5
Leeds,E00059092,360,20,3,2,37.5
Leeds,E00059093,234,11,3,1,38.5
Leeds,E00059094,328,37,7,2,47.8
Leeds,E00059095,267,28,11,6,50.6
Leeds,E00059096,310,13,2,1,36.6
Leeds,E00059097,294,41,3,4,46.5
Leeds,E00059098,127,5,1,2,43.3
Leeds,E00059099,225,42,8,3,50.5
Leeds,E00059100,252,21,1,0,42.1
Leeds,E00059101,265,24,5,2,47.1
Leeds,E00059102,350,25,5,2,45.4
Leeds,E00059103,323,26,2,1,43.5
Leeds,E00059104,293,31,3,3,44.3
Leeds,E00059105,264,43,6,3,53.1
Leeds,E00059106,338,12,0,0,40.8
Leeds,E00059107,332,21,4,1,45.4
Leeds,E00059108,316,25,0,3,43.4
Leeds,E00059109,343,15,1,1,32.2
Leeds,E00059110,279,2,1,0,32.4
Leeds,E00059111,318,25,7,2,44.7
Leeds,E00059112,309,12,3,2,32.4
Leeds,E00059113,276,16,5,4,39.7
Leeds,E00059114,239,7,3,0,39.1
Leeds,E00059115,302,17,5,1,39.2
Leeds,E00059116,231,19,17,15,52.2
Leeds,E00059117,297,10,4,0,32.6
Leeds,E00059118,288,9,5,0,36.0
Leeds,E00059119,282,10,5,1,36.4
Leeds,E00059120,301,15,4,4,42.0
Leeds,E00059121,295,33,3,1,45.3
Leeds,E00059122,299,19,2,0,38.7
Leeds,E00059123,321,3,2,0,33.2
Leeds,E00059124,433,13,5,1,37.0
Leeds,E00059125,485,21,12,4,36.9
Leeds,E00059126,284,11,2,0,40.4
Leeds,E00059127,194,18,5,1,49.1
Leeds,E00059128,271,10,6,2,38.0
Leeds,E00059129,406,7,0,0,30.2
Leeds,E00059130,328,15,2,2,38.5
Leeds,E00059131,281,8,5,0,33.5
Leeds,E00059132,217,16,4,1,46.0
Leeds,E00059133,207,17,2,1,42.9
Leeds,E00059134,313,44,17,12,51.0
Leeds,E00059135,280,6,2,0,26.1
Leeds,E00059136,210,12,3,2,44.4
Leeds,E00059137,277,15,0,2,30.7
Leeds,E00059138,181,8,2,0,39.3
Leeds,E00059139,299,10,3,1,32.1
Leeds,E00059140,277,12,0,0,35.0
Leeds,E00059141,289,16,7,9,40.8
Leeds,E00059142,261,20,0,1,39.3
Leeds,E00059143,270,8,1,1,38.4
Leeds,E00059144,288,25,5,5,43.3
Leeds,E00059146,268,18,6,0,41.6
Leeds,E00059147,216,34,3,3,50.5
Leeds,E00059148,242,15,5,1,42.8
Leeds,E00059149,327,19,3,0,37.7
Leeds,E00059150,281,5,0,0,36.3
Leeds,E00059151,282,34,4,4,45.5
Leeds,E00059152,307,15,1,1,40.3
Leeds,E00059153,286,23,5,1,43.0
Leeds,E00059154,250,7,1,0,42.6
Leeds,E00059155,227,12,5,0,40.4
Leeds,E00059156,295,6,1,0,29.9
Leeds,E00059157,129,7,3,0,44.2
Leeds,E00059158,225,3,2,0,32.5
Leeds,E00059159,236,20,11,5,42.5
Leeds,E00059160,274,18,3,0,39.6
Leeds,E00059161,269,5,0,0,28.5
Leeds,E00059163,233,11,4,0,39.5
Leeds,E00059164,205,9,1,3,36.6
Leeds,E00059165,290,16,6,4,40.4
Leeds,E00059166,269,19,5,2,41.2
Leeds,E00059167,209,14,4,5,41.3
Leeds,E00059168,276,49,8,5,51.9
Leeds,E00059169,249,27,2,0,47.5
Leeds,E00059170,201,6,1,2,39.2
Leeds,E00059171,307,14,3,2,36.0
Leeds,E00059172,197,10,1,1,40.4
Leeds,E00059173,179,3,2,0,40.4
Leeds,E00059174,295,30,1,3,41.2
Leeds,E00059175,252,18,0,1,37.8
Leeds,E00059176,367,9,4,1,30.2
Leeds,E00059177,329,1,0,0,31.4
Leeds,E00059178,300,13,1,0,36.6
Leeds,E00059179,363,6,3,0,28.3
Leeds,E00059180,298,13,2,0,36.9
Leeds,E00059181,248,1,0,1,28.2
Leeds,E00059182,254,7,4,0,31.0
Leeds,E00059183,290,15,4,2,34.7
Leeds,E00059184,259,27,2,2,42.9
Leeds,E00059185,298,11,8,0,39.8
Leeds,E00059186,286,26,1,3,40.9
Leeds,E00059187,302,31,29,30,50.9
Leeds,E00059188,272,28,15,15,46.0
Leeds,E00165673,167,12,0,2,48.0
Leeds,E00165674,270,16,5,4,38.7
Leeds,E00165675,199,6,0,1,33.2
Leeds,E00165676,316,40,8,2,51.8
Leeds,E00165677,424,36,5,1,43.6
Leeds,E00165678,170,4,1,1,30.8
Leeds,E00165679,307,13,3,1,39.5
Leeds,E00165680,344,21,3,3,37.9
Leeds,E00165681,304,28,5,3,41.6
Leeds,E00165682,222,15,1,0,40.0
Leeds,E00165683,290,17,3,0,36.9
Leeds,E00165684,352,17,3,0,38.9
Leeds,E00165685,219,6,0,2,35.0
Leeds,E00165686,253,11,1,0,35.6
Leeds,E00165687,339,20,1,1,38.2
Leeds,E00165688,157,3,1,0,33.2
Leeds,E00165689,149,16,2,0,36.8
Leeds,E00165690,311,28,4,6,43.7
Leeds,E00165691,511,7,0,0,28.9
Leeds,E00165692,272,10,1,3,30.9
Leeds,E00165693,317,19,3,0,42.4
Leeds,E00165694,236,33,5,2,45.2
Leeds,E00165695,396,39,3,1,43.6
Leeds,E00165696,245,21,6,0,44.5
Leeds,E00169576,210,1,1,0,30.5
Leeds,E00169578,220,7,2,1,39.6
Leeds,E00169579,285,32,5,0,42.5
Leeds,E00169581,293,3,1,0,33.4
Leeds,E00169583,630,23,1,1,27.1
Leeds,E00169584,230,2,1,0,30.7
Leeds,E00169586,240,4,0,0,30.9
Leeds,E00169587,319,6,0,0,30.4
Leeds,E00169589,239,13,3,1,45.8
Leeds,E00169590,306,1,0,0,30.2
Leeds,E00169592,260,4,0,0,33.1
Leeds,E00169593,228,3,1,0,30.5
Leeds,E00169595,139,1,2,0,31.9
Leeds,E00169597,585,11,5,3,27.5
Leeds,E00169598,182,7,2,0,40.1
Leeds,E00169600,305,6,2,2,31.3
Leeds,E00169601,"1,093",1,1,0,19.5
Leeds,E00169603,475,1,1,1,22.3
Leeds,E00169604,158,0,0,0,22.6
Leeds,E00169606,147,1,0,1,26.3
Leeds,E00169607,360,3,0,1,31.2
Leeds,E00169609,681,12,1,1,22.6
Leeds,E00169611,811,1,1,0,21.4
Leeds,E00169612,433,0,3,0,23.6
Leeds,E00169614,"2,741",21,6,3,21.8
Leeds,E00169615,926,1,1,0,22.1
Leeds,E00169617,434,2,0,0,24.4
Leeds,E00169618,301,1,0,0,27.3
Leeds,E00169620,426,15,4,1,30.6
Leeds,E00169621,215,21,3,2,39.5
Leeds,E00169623,267,0,0,0,28.2
Leeds,E00169625,200,25,4,3,46.8
Leeds,E00169626,462,0,0,0,23.7
Leeds,E00169628,361,1,0,0,26.9
Leeds,E00169629,301,0,0,1,28.2
Leeds,E00169738,315,19,8,6,34.3
Leeds,E00169739,484,13,1,1,29.7
Leeds,E00169740,319,8,1,2,28.9
Leeds,E00169741,314,3,2,0,25.9
Leeds,E00169742,251,22,1,1,40.6
Leeds,E00169743,617,7,2,0,25.0
Leeds,E00169744,217,10,2,1,38.3
Leeds,E00169745,217,10,0,1,30.1
Leeds,E00169746,519,2,0,0,22.1
Leeds,E00169747,465,0,0,0,21.8
Leeds,E00169748,536,0,0,0,23.0
Leeds,E00169749,329,13,2,0,42.3
Leeds,E00169750,277,8,0,0,33.2
Leeds,E00169751,193,5,0,1,34.4
Leeds,E00169752,126,2,1,0,27.7
Leeds,E00169753,270,0,0,0,25.8
Leeds,E00169754,224,2,0,2,32.4
Leeds,E00169755,352,9,3,0,27.3
Leeds,E00169780,214,0,0,0,28.5
Leeds,E00169782,126,0,0,0,28.2
Leeds,E00169783,242,0,0,0,26.3
Leeds,E00169785,"1,799",0,0,0,21.5
Leeds,E00169786,197,0,0,0,25.8
Leeds,E00169788,421,0,0,0,23.1
Leeds,E00169789,214,0,0,1,31.4
Leeds,E00169791,166,0,0,0,27.3
Leeds,E00169792,196,4,0,0,31.5
Leeds,E00169794,298,0,0,0,26.7
Leeds,E00169796,192,1,0,0,34.2
Leeds,E00169797,161,0,0,0,28.1
Leeds,E00169799,176,0,0,0,26.6
Leeds,E00169800,202,0,0,0,28.5
Leeds,E00169802,215,1,0,0,30.8
Leeds,E00169803,167,0,0,0,31.9
Leeds,E00169805,198,0,0,0,30.9
Leeds,E00169806,167,27,6,1,52.8
Leeds,E00169808,390,3,2,1,27.1
Leeds,E00169810,231,1,0,0,29.6
Leeds,E00169811,241,0,0,0,29.3
Leeds,E00169813,205,0,0,0,27.2
Leeds,E00169814,164,1,0,0,31.0
Leeds,E00169816,295,0,0,0,27.6
Leeds,E00169817,215,0,0,0,28.1
Leeds,E00170032,134,0,0,0,28.7
Leeds,E00170034,229,1,0,0,30.1
Leeds,E00170035,157,0,0,0,30.5
Leeds,E00170037,301,0,0,0,27.4
Leeds,E00170038,653,1,0,0,21.3
Leeds,E00170040,303,0,0,0,27.2
Leeds,E00170041,610,6,1,0,34.2
Leeds,E00170043,126,0,0,0,32.3
Leeds,E00170044,121,6,2,1,37.6
Leeds,E00170046,172,2,2,0,30.0
Leeds,E00170048,111,0,0,0,31.1
Leeds,E00170049,187,1,2,0,32.6
Leeds,E00170051,203,0,0,0,27.1
Leeds,E00170052,154,0,0,0,27.8
Leeds,E00170054,186,0,0,0,28.7
Leeds,E00170055,259,4,1,0,33.5
Leeds,E00170057,199,0,0,0,28.0
Leeds,E00170058,297,13,2,2,38.4
Leeds,E00170259,176,11,3,0,38.6
Leeds,E00170261,225,0,0,0,29.6
Leeds,E00170262,549,1,1,0,27.5
Leeds,E00170264,198,0,0,1,29.2
Leeds,E00170265,293,0,0,0,27.4
Leeds,E00170267,279,0,0,0,29.0
Leeds,E00170268,335,0,0,0,27.7
Leeds,E00170270,252,12,1,2,33.7
Leeds,E00170271,567,15,5,5,28.2
Leeds,E00170273,279,0,0,1,28.4
Leeds,E00170275,298,4,2,0,35.6
Leeds,E00170276,180,12,6,1,48.6
Leeds,E00170278,133,5,3,1,38.1
Leeds,E00170326,228,2,0,1,29.0
Leeds,E00170327,301,37,15,7,43.0
Leeds,E00170329,254,0,0,0,28.1
Leeds,E00170331,401,0,0,0,27.6
Leeds,E00170332,201,3,0,0,27.6
Leeds,E00170433,169,3,1,1,31.2
Leeds,E00170435,353,17,12,10,41.3
Leeds,E00170436,254,11,1,1,35.5
Leeds,E00170438,194,21,3,1,41.5
Leeds,E00170439,271,5,0,0,33.7
Leeds,E00170441,264,0,0,0,27.5
Leeds,E00170443,271,2,2,0,29.9
Leeds,E00170444,293,9,1,0,35.0
Leeds,E00170446,161,6,2,2,33.9
Leeds,E00170447,249,22,4,0,41.0
Leeds,E00170449,213,1,0,0,29.2
Leeds,E00170450,256,30,5,1,40.0
Leeds,E00170452,246,7,3,3,35.4
Leeds,E00170453,271,15,4,3,37.5
Leeds,E00170455,251,17,3,1,40.3
Leeds,E00170457,237,24,7,2,40.6
Leeds,E00170458,156,7,3,1,44.0
Leeds,E00170459,323,1,0,0,27.8
Leeds,E00170460,210,3,0,0,34.2
Leeds,E00170461,285,0,0,0,29.9
Leeds,E00170462,202,0,0,0,27.0
Leeds,E00170463,230,1,0,0,28.8
Leeds,E00170464,199,0,0,0,29.8
Leeds,E00170465,331,11,2,0,39.8
Leeds,E00170466,249,3,2,0,34.5
Leeds,E00170467,315,3,0,1,29.8
Leeds,E00170468,227,1,0,0,27.8
Leeds,E00170469,288,0,0,0,28.8
Leeds,E00170470,192,3,0,0,31.2
Leeds,E00170471,332,4,0,0,28.1
Leeds,E00170472,240,0,0,0,29.5
Leeds,E00170473,322,0,2,0,27.9
Leeds,E00170474,144,2,3,1,35.8
Leeds,E00170475,145,0,0,0,31.3
Leeds,E00170476,199,6,1,1,34.9
Leeds,E00170564,262,1,0,0,26.7
Leeds,E00170565,272,2,0,0,26.0
Leeds,E00170567,274,7,0,0,31.7
Leeds,E00170568,156,17,3,2,47.6
Leeds,E00170570,282,6,0,0,34.5
Leeds,E00170572,284,4,2,2,36.0
Leeds,E00170573,182,2,0,0,30.1
Leeds,E00170575,320,11,3,1,40.9
Leeds,E00170576,238,2,0,0,29.9
Leeds,E00170578,187,13,10,4,44.3
Leeds,E00170579,216,27,3,0,49.7
Leeds,E00170581,711,16,6,0,25.3
Leeds,E00170582,421,0,0,0,24.5
Leeds,E00170584,283,8,0,0,28.1
Leeds,E00170586,166,13,2,1,46.9
Leeds,E00170587,223,3,1,0,29.6
Leeds,E00170589,309,13,4,2,37.6
Leeds,E00170590,273,11,2,1,35.6
Leeds,E00170592,191,7,5,1,38.6
Leeds,E00170593,985,4,0,1,33.2
Leeds,E00170595,295,4,1,0,36.1
Leeds,E00170596,153,1,0,0,31.3
Leeds,E00170598,287,44,16,13,53.2
Leeds,E00170600,318,8,0,2,25.6
Leeds,E00170601,346,11,3,0,32.4
Leeds,E00170603,287,9,3,0,33.8
Leeds,E00170604,337,0,0,1,26.5
Leeds,E00170606,269,1,0,0,30.4
Leeds,E00170607,430,2,0,0,27.1
Leeds,E00170609,179,2,0,0,28.9
Leeds,E00170610,264,2,0,0,30.6
Leeds,E00170612,224,0,0,0,27.6
Leeds,E00170614,355,0,0,0,26.7
Leeds,E00170615,256,0,0,0,24.6
Leeds,E00170617,246,1,0,0,28.9
Leeds,E00170618,252,11,2,0,31.9
Leeds,E00170620,229,1,0,0,29.5
Leeds,E00170621,216,12,1,11,36.8
Leeds,E00170623,150,5,0,0,34.7
Leeds,E00170887,259,1,1,0,27.0
Leeds,E00170888,270,0,0,0,30.8
Leeds,E00170889,394,32,7,8,45.3
Leeds,E00170890,213,0,0,0,28.7
