City_name,area_code,All_usual_residents,All_usual_perc,Area_hectares
Leeds,E00056750,279,100.0,5.26
Leeds,E00056751,296,100.0,12.57
Leeds,E00056752,407,100.0,20.38
Leeds,E00056753,246,100.0,8.19
Leeds,E00056754,272,100.0,2.83
Leeds,E00056755,312,100.0,10.44
Leeds,E00056756,371,100.0,4.28
Leeds,E00056757,292,100.0,13.41
Leeds,E00056758,342,100.0,9.10
Leeds,E00056759,255,100.0,3.12
Leeds,E00056760,278,100.0,4.79
Leeds,E00056761,257,100.0,9.14
Leeds,E00056762,482,100.0,32.84
Leeds,E00056763,336,100.0,45.60
Leeds,E00056764,371,100.0,9.38
Leeds,E00056765,342,100.0,10.29
Leeds,E00056766,270,100.0,14.13
Leeds,E00056767,259,100.0,10.97
Leeds,E00056768,271,100.0,11.42
Leeds,E00056769,297,100.0,9.97
Leeds,E00056770,303,100.0,34.87
Leeds,E00056771,281,100.0,4.36
Leeds,E00056772,356,100.0,14.33
Leeds,E00056773,310,100.0,17.79
Leeds,E00056774,177,100.0,582.53
Leeds,E00056775,279,100.0,7.91
Leeds,E00056776,295,100.0,5.83
Leeds,E00056777,261,100.0,4.23
Leeds,E00056778,106,100.0,287.49
Leeds,E00056779,330,100.0,21.69
Leeds,E00056780,154,100.0,87.99
Leeds,E00056781,314,100.0,4.47
Leeds,E00056782,284,100.0,13.91
Leeds,E00056783,299,100.0,2.90
Leeds,E00056784,235,100.0,3.01
Leeds,E00056786,270,100.0,20.94
Leeds,E00056787,203,100.0,8.63
Leeds,E00056788,266,100.0,5.27
Leeds,E00056789,326,100.0,9.44
Leeds,E00056790,405,100.0,9.05
Leeds,E00056792,331,100.0,4.72
Leeds,E00056793,304,100.0,13.70
Leeds,E00056794,291,100.0,11.40
Leeds,E00056795,294,100.0,4.02
Leeds,E00056796,256,100.0,15.88
Leeds,E00056797,262,100.0,3.96
Leeds,E00056798,229,100.0,7.28
Leeds,E00056799,284,100.0,5.43
Leeds,E00056800,289,100.0,7.80
Leeds,E00056801,254,100.0,4.70
Leeds,E00056802,324,100.0,71.78
Leeds,E00056803,275,100.0,4.82
Leeds,E00056804,301,100.0,6.56
Leeds,E00056805,318,100.0,7.34
Leeds,E00056806,239,100.0,4.46
Leeds,E00056807,285,100.0,4.54
Leeds,E00056808,258,100.0,20.33
Leeds,E00056809,270,100.0,3.94
Leeds,E00056810,259,100.0,12.00
Leeds,E00056811,360,100.0,26.88
Leeds,E00056812,299,100.0,39.74
Leeds,E00056813,310,100.0,12.39
Leeds,E00056814,258,100.0,3.66
Leeds,E00056815,296,100.0,8.11
Leeds,E00056816,311,100.0,5.27
Leeds,E00056817,310,100.0,15.51
Leeds,E00056818,196,100.0,2.65
Leeds,E00056819,221,100.0,2.44
Leeds,E00056820,248,100.0,7.57
Leeds,E00056821,211,100.0,6.94
Leeds,E00056822,438,100.0,9.46
Leeds,E00056823,310,100.0,8.90
Leeds,E00056825,232,100.0,5.44
Leeds,E00056827,235,100.0,3.30
Leeds,E00056828,219,100.0,3.15
Leeds,E00056829,252,100.0,2.94
Leeds,E00056830,338,100.0,4.63
Leeds,E00056831,244,100.0,8.71
Leeds,E00056832,256,100.0,15.66
Leeds,E00056833,260,100.0,2.58
Leeds,E00056834,402,100.0,21.62
Leeds,E00056835,326,100.0,9.72
Leeds,E00056836,274,100.0,9.16
Leeds,E00056837,230,100.0,7.49
Leeds,E00056838,288,100.0,7.72
Leeds,E00056839,401,100.0,6.26
Leeds,E00056840,373,100.0,5.72
Leeds,E00056841,289,100.0,5.83
Leeds,E00056842,325,100.0,4.99
Leeds,E00056843,370,100.0,14.80
Leeds,E00056845,293,100.0,7.67
Leeds,E00056846,348,100.0,6.13
Leeds,E00056847,328,100.0,11.36
Leeds,E00056848,257,100.0,3.90
Leeds,E00056849,278,100.0,5.17
Leeds,E00056850,308,100.0,5.65
Leeds,E00056851,297,100.0,7.80
Leeds,E00056852,419,100.0,5.97
Leeds,E00056853,305,100.0,2.84
Leeds,E00056854,254,100.0,4.08
Leeds,E00056855,232,100.0,59.65
Leeds,E00056856,291,100.0,1.80
Leeds,E00056858,247,100.0,5.84
Leeds,E00056859,253,100.0,3.50
Leeds,E00056861,270,100.0,3.81
Leeds,E00056862,396,100.0,17.07
Leeds,E00056863,243,100.0,11.70
Leeds,E00056864,304,100.0,5.95
Leeds,E00056865,291,100.0,6.07
Leeds,E00056866,243,100.0,4.88
Leeds,E00056867,301,100.0,3.15
Leeds,E00056868,312,100.0,7.97
Leeds,E00056869,332,100.0,8.80
Leeds,E00056871,216,100.0,4.35
Leeds,E00056873,327,100.0,4.48
Leeds,E00056874,409,100.0,2.94
Leeds,E00056875,249,100.0,2.86
Leeds,E00056876,395,100.0,3.05
Leeds,E00056877,254,100.0,6.34
Leeds,E00056878,310,100.0,4.82
Leeds,E00056879,263,100.0,2.12
Leeds,E00056880,256,100.0,3.34
Leeds,E00056881,175,100.0,3.21
Leeds,E00056882,289,100.0,4.50
Leeds,E00056883,286,100.0,4.19
Leeds,E00056884,355,100.0,3.54
Leeds,E00056885,276,100.0,4.37
Leeds,E00056886,148,100.0,3.41
Leeds,E00056887,417,100.0,11.74
Leeds,E00056888,203,100.0,3.01
Leeds,E00056889,297,100.0,1.61
Leeds,E00056890,264,100.0,5.68
Leeds,E00056891,214,100.0,6.46
Leeds,E00056892,289,100.0,4.45
Leeds,E00056893,325,100.0,2.19
Leeds,E00056894,407,100.0,6.27
Leeds,E00056895,184,100.0,5.05
Leeds,E00056897,247,100.0,4.17
Leeds,E00056898,310,100.0,2.05
Leeds,E00056899,290,100.0,2.12
Leeds,E00056900,198,100.0,4.03
Leeds,E00056901,203,100.0,4.47
Leeds,E00056902,294,100.0,4.61
Leeds,E00056903,424,100.0,5.07
Leeds,E00056904,287,100.0,7.66
Leeds,E00056905,258,100.0,5.35
Leeds,E00056906,338,100.0,3.80
Leeds,E00056907,235,100.0,3.02
Leeds,E00056908,177,100.0,3.41
Leeds,E00056909,385,100.0,5.87
Leeds,E00056910,214,100.0,3.52
Leeds,E00056911,220,100.0,2.92
Leeds,E00056912,315,100.0,2.34
Leeds,E00056913,353,100.0,166.23
Leeds,E00056914,294,100.0,5.65
Leeds,E00056915,308,100.0,9.52
Leeds,E00056916,165,100.0,2.13
Leeds,E00056917,310,100.0,5.63
Leeds,E00056918,357,100.0,6.71
Leeds,E00056919,248,100.0,5.45
Leeds,E00056920,368,100.0,12.65
Leeds,E00056921,361,100.0,8.17
Leeds,E00056922,282,100.0,6.16
Leeds,E00056923,292,100.0,10.46
Leeds,E00056924,311,100.0,6.06
Leeds,E00056925,304,100.0,4.46
Leeds,E00056926,223,100.0,8.11
Leeds,E00056927,387,100.0,7.19
Leeds,E00056928,260,100.0,7.32
Leeds,E00056929,305,100.0,18.25
Leeds,E00056930,275,100.0,5.91
Leeds,E00056931,322,100.0,24.39
Leeds,E00056932,299,100.0,6.95
Leeds,E00056933,276,100.0,8.95
Leeds,E00056934,247,100.0,8.61
Leeds,E00056935,225,100.0,3.20
Leeds,E00056936,288,100.0,6.27
Leeds,E00056937,160,100.0,1.22
Leeds,E00056938,305,100.0,6.34
Leeds,E00056939,347,100.0,20.65
Leeds,E00056940,309,100.0,4.71
Leeds,E00056941,405,100.0,6.90
Leeds,E00056942,330,100.0,45.32
Leeds,E00056943,348,100.0,23.99
Leeds,E00056944,238,100.0,217.61
Leeds,E00056945,283,100.0,5.00
Leeds,E00056946,341,100.0,532.29
Leeds,E00056947,335,100.0,24.19
Leeds,E00056948,337,100.0,33.81
Leeds,E00056949,167,100.0,47.46
Leeds,E00056950,265,100.0,295.54
Leeds,E00056951,274,100.0,6.80
Leeds,E00056952,288,100.0,56.48
Leeds,E00056953,260,100.0,8.49
Leeds,E00056954,279,100.0,723.11
Leeds,E00056955,312,100.0,47.28
Leeds,E00056956,240,100.0,32.86
Leeds,E00056957,280,100.0,9.99
Leeds,E00056958,311,100.0,8.16
Leeds,E00056959,181,100.0,825.09
Leeds,E00056960,394,100.0,796.53
Leeds,E00056961,323,100.0,"1,159.39"
Leeds,E00056962,355,100.0,401.14
Leeds,E00056963,384,100.0,230.04
Leeds,E00056964,340,100.0,9.58
Leeds,E00056965,296,100.0,30.84
Leeds,E00056966,279,100.0,39.04
Leeds,E00056967,239,100.0,8.15
Leeds,E00056968,411,100.0,106.53
Leeds,E00056969,242,100.0,106.07
Leeds,E00056970,326,100.0,26.09
Leeds,E00056971,215,100.0,194.83
Leeds,E00056972,172,100.0,3.31
Leeds,E00056973,231,100.0,351.89
Leeds,E00056974,325,100.0,76.88
Leeds,E00056975,355,100.0,397.05
Leeds,E00056976,439,100.0,56.97
Leeds,E00056977,238,100.0,439.26
Leeds,E00056978,289,100.0,24.36
Leeds,E00056979,344,100.0,10.77
Leeds,E00056981,304,100.0,36.57
Leeds,E00056982,336,100.0,6.86
Leeds,E00056983,307,100.0,11.16
Leeds,E00056984,264,100.0,2.69
Leeds,E00056985,287,100.0,69.63
Leeds,E00056986,312,100.0,5.88
Leeds,E00056987,317,100.0,19.67
Leeds,E00056988,337,100.0,18.76
Leeds,E00056989,335,100.0,45.16
Leeds,E00056990,255,100.0,18.62
Leeds,E00056991,355,100.0,8.92
Leeds,E00056992,363,100.0,5.96
Leeds,E00056993,336,100.0,3.75
Leeds,E00056994,324,100.0,5.10
Leeds,E00056995,305,100.0,4.58
Leeds,E00056997,262,100.0,9.43
Leeds,E00056998,524,100.0,2.49
Leeds,E00056999,291,100.0,3.01
Leeds,E00057000,279,100.0,4.64
Leeds,E00057001,365,100.0,5.13
Leeds,E00057002,239,100.0,6.08
Leeds,E00057003,310,100.0,4.78
Leeds,E00057004,190,100.0,9.01
Leeds,E00057005,195,100.0,8.70
Leeds,E00057006,242,100.0,7.45
Leeds,E00057007,273,100.0,12.02
Leeds,E00057008,245,100.0,7.30
Leeds,E00057009,327,100.0,9.04
Leeds,E00057010,257,100.0,71.39
Leeds,E00057011,430,100.0,15.77
Leeds,E00057012,342,100.0,8.86
Leeds,E00057013,139,100.0,2.84
Leeds,E00057014,417,100.0,2.65
Leeds,E00057015,257,100.0,2.07
Leeds,E00057016,343,100.0,2.02
Leeds,E00057017,309,100.0,13.95
Leeds,E00057018,243,100.0,1.32
Leeds,E00057019,304,100.0,8.61
Leeds,E00057020,270,100.0,1.94
Leeds,E00057021,289,100.0,2.28
Leeds,E00057022,288,100.0,2.68
Leeds,E00057023,312,100.0,1.65
Leeds,E00057024,328,100.0,9.18
Leeds,E00057025,305,100.0,2.78
Leeds,E00057026,307,100.0,14.05
Leeds,E00057027,390,100.0,1.93
Leeds,E00057028,317,100.0,1.91
Leeds,E00057029,376,100.0,12.89
Leeds,E00057030,228,100.0,47.55
Leeds,E00057031,298,100.0,3.76
Leeds,E00057032,389,100.0,4.25
Leeds,E00057033,211,100.0,1.67
Leeds,E00057034,413,100.0,23.64
Leeds,E00057035,355,100.0,2.61
Leeds,E00057036,373,100.0,7.23
Leeds,E00057037,333,100.0,4.64
Leeds,E00057038,335,100.0,3.92
Leeds,E00057039,260,100.0,4.89
Leeds,E00057040,298,100.0,3.97
Leeds,E00057041,300,100.0,5.11
Leeds,E00057042,308,100.0,6.04
Leeds,E00057043,291,100.0,7.66
Leeds,E00057044,263,100.0,5.45
Leeds,E00057045,292,100.0,5.87
Leeds,E00057046,288,100.0,3.79
Leeds,E00057047,292,100.0,3.16
Leeds,E00057048,402,100.0,19.11
Leeds,E00057049,395,100.0,5.89
Leeds,E00057050,253,100.0,4.53
Leeds,E00057051,456,100.0,9.09
Leeds,E00057052,299,100.0,2.91
Leeds,E00057053,228,100.0,3.52
Leeds,E00057054,272,100.0,94.18
Leeds,E00057055,304,100.0,6.00
Leeds,E00057056,302,100.0,5.79
Leeds,E00057057,250,100.0,3.46
Leeds,E00057058,308,100.0,3.38
Leeds,E00057059,241,100.0,4.39
Leeds,E00057060,262,100.0,4.61
Leeds,E00057062,335,100.0,4.26
Leeds,E00057063,246,100.0,4.06
Leeds,E00057064,279,100.0,4.02
Leeds,E00057065,199,100.0,1.82
Leeds,E00057066,328,100.0,3.64
Leeds,E00057067,416,100.0,17.58
Leeds,E00057068,254,100.0,6.41
Leeds,E00057069,288,100.0,2.45
Leeds,E00057070,257,100.0,8.18
Leeds,E00057071,225,100.0,2.96
Leeds,E00057072,192,100.0,27.49
Leeds,E00057073,289,100.0,11.86
Leeds,E00057074,217,100.0,4.62
Leeds,E00057075,319,100.0,47.30
Leeds,E00057076,289,100.0,4.85
Leeds,E00057077,270,100.0,3.31
Leeds,E00057078,210,100.0,3.72
Leeds,E00057079,232,100.0,4.95
Leeds,E00057080,245,100.0,4.04
Leeds,E00057081,297,100.0,3.85
Leeds,E00057082,234,100.0,3.78
Leeds,E00057083,246,100.0,4.06
Leeds,E00057084,214,100.0,4.00
Leeds,E00057085,252,100.0,7.01
Leeds,E00057086,240,100.0,4.57
Leeds,E00057087,286,100.0,32.54
Leeds,E00057088,312,100.0,4.97
Leeds,E00057089,245,100.0,5.47
Leeds,E00057090,259,100.0,5.03
Leeds,E00057091,318,100.0,13.09
Leeds,E00057092,366,100.0,8.36
Leeds,E00057093,251,100.0,6.26
Leeds,E00057094,276,100.0,4.34
Leeds,E00057095,201,100.0,2.80
Leeds,E00057096,288,100.0,9.72
Leeds,E00057097,249,100.0,5.17
Leeds,E00057098,231,100.0,2.47
Leeds,E00057099,246,100.0,3.74
Leeds,E00057100,234,100.0,7.04
Leeds,E00057101,268,100.0,4.31
Leeds,E00057102,225,100.0,5.99
Leeds,E00057103,213,100.0,3.84
Leeds,E00057104,260,100.0,14.19
Leeds,E00057105,219,100.0,2.46
Leeds,E00057106,208,100.0,3.65
Leeds,E00057107,265,100.0,6.21
Leeds,E00057108,236,100.0,3.92
Leeds,E00057109,374,100.0,14.05
Leeds,E00057110,311,100.0,7.85
Leeds,E00057111,321,100.0,6.37
Leeds,E00057112,246,100.0,10.25
Leeds,E00057113,226,100.0,10.25
Leeds,E00057114,278,100.0,3.19
Leeds,E00057115,244,100.0,5.01
Leeds,E00057116,313,100.0,6.12
Leeds,E00057117,213,100.0,4.71
Leeds,E00057118,284,100.0,4.38
Leeds,E00057119,230,100.0,5.24
Leeds,E00057120,219,100.0,2.41
Leeds,E00057121,214,100.0,1.62
Leeds,E00057122,256,100.0,6.50
Leeds,E00057123,270,100.0,3.93
Leeds,E00057124,343,100.0,3.63
Leeds,E00057125,335,100.0,6.72
Leeds,E00057126,336,100.0,5.45
Leeds,E00057127,297,100.0,12.54
Leeds,E00057128,266,100.0,6.02
Leeds,E00057129,219,100.0,9.42
Leeds,E00057130,320,100.0,13.62
Leeds,E00057131,313,100.0,5.64
Leeds,E00057132,300,100.0,4.27
Leeds,E00057133,270,100.0,2.30
Leeds,E00057134,397,100.0,24.58
Leeds,E00057135,344,100.0,9.29
Leeds,E00057136,327,100.0,7.66
Leeds,E00057137,317,100.0,4.61
Leeds,E00057138,326,100.0,4.78
Leeds,E00057139,320,100.0,5.92
Leeds,E00057140,324,100.0,6.66
Leeds,E00057141,316,100.0,3.48
Leeds,E00057142,192,100.0,5.40
Leeds,E00057144,248,100.0,13.57
Leeds,E00057145,373,100.0,6.94
Leeds,E00057146,208,100.0,3.39
Leeds,E00057147,247,100.0,4.17
Leeds,E00057148,269,100.0,1.65
Leeds,E00057149,283,100.0,1.27
Leeds,E00057150,230,100.0,1.14
Leeds,E00057151,401,100.0,4.05
Leeds,E00057152,189,100.0,8.36
Leeds,E00057153,310,100.0,6.60
Leeds,E00057154,294,100.0,9.54
Leeds,E00057155,290,100.0,1.30
Leeds,E00057156,249,100.0,10.62
Leeds,E00057157,285,100.0,1.55
Leeds,E00057158,282,100.0,3.69
Leeds,E00057159,289,100.0,4.11
Leeds,E00057160,313,100.0,5.43
Leeds,E00057161,264,100.0,2.98
Leeds,E00057162,292,100.0,5.44
Leeds,E00057163,331,100.0,2.68
Leeds,E00057164,257,100.0,3.17
Leeds,E00057165,268,100.0,1.11
Leeds,E00057166,311,100.0,18.54
Leeds,E00057167,262,100.0,4.11
Leeds,E00057169,293,100.0,1.47
Leeds,E00057170,396,100.0,41.09
Leeds,E00057171,354,100.0,4.25
Leeds,E00057172,382,100.0,12.26
Leeds,E00057173,263,100.0,4.10
Leeds,E00057175,293,100.0,1.47
Leeds,E00057176,223,100.0,10.73
Leeds,E00057177,362,100.0,2.46
Leeds,E00057178,361,100.0,6.22
Leeds,E00057179,587,100.0,35.17
Leeds,E00057180,234,100.0,5.46
Leeds,E00057181,209,100.0,3.01
Leeds,E00057182,221,100.0,3.06
Leeds,E00057183,197,100.0,5.97
Leeds,E00057184,196,100.0,3.82
Leeds,E00057185,252,100.0,6.45
Leeds,E00057186,254,100.0,4.43
Leeds,E00057187,355,100.0,21.04
Leeds,E00057188,291,100.0,2.00
Leeds,E00057189,318,100.0,1.89
Leeds,E00057190,267,100.0,3.24
Leeds,E00057191,243,100.0,5.16
Leeds,E00057192,258,100.0,4.74
Leeds,E00057193,258,100.0,7.71
Leeds,E00057194,257,100.0,4.49
Leeds,E00057195,320,100.0,6.31
Leeds,E00057196,265,100.0,4.26
Leeds,E00057197,284,100.0,5.51
Leeds,E00057198,409,100.0,9.05
Leeds,E00057199,335,100.0,12.25
Leeds,E00057200,395,100.0,16.77
Leeds,E00057202,367,100.0,3.87
Leeds,E00057204,449,100.0,10.72
Leeds,E00057205,322,100.0,7.24
Leeds,E00057206,232,100.0,5.50
Leeds,E00057207,224,100.0,10.33
Leeds,E00057208,411,100.0,8.22
Leeds,E00057209,318,100.0,5.64
Leeds,E00057210,394,100.0,17.23
Leeds,E00057211,314,100.0,11.81
Leeds,E00057212,267,100.0,4.00
Leeds,E00057213,371,100.0,3.22
Leeds,E00057214,279,100.0,3.87
Leeds,E00057215,324,100.0,3.95
Leeds,E00057216,367,100.0,5.06
Leeds,E00057217,429,100.0,2.76
Leeds,E00057218,324,100.0,24.51
Leeds,E00057220,465,100.0,7.77
Leeds,E00057221,297,100.0,6.21
Leeds,E00057222,468,100.0,3.88
Leeds,E00057223,396,100.0,5.97
Leeds,E00057225,571,100.0,6.04
Leeds,E00057226,326,100.0,13.53
Leeds,E00057227,344,100.0,7.72
Leeds,E00057228,311,100.0,10.28
Leeds,E00057229,264,100.0,2.58
Leeds,E00057230,270,100.0,7.10
Leeds,E00057231,380,100.0,9.88
Leeds,E00057232,420,100.0,7.73
Leeds,E00057233,249,100.0,4.90
Leeds,E00057234,293,100.0,5.46
Leeds,E00057235,292,100.0,6.69
Leeds,E00057236,305,100.0,7.17
Leeds,E00057238,302,100.0,6.48
Leeds,E00057239,298,100.0,5.92
Leeds,E00057240,177,100.0,4.50
Leeds,E00057241,322,100.0,6.00
Leeds,E00057242,285,100.0,3.91
Leeds,E00057244,449,100.0,6.86
Leeds,E00057245,345,100.0,18.35
Leeds,E00057246,151,100.0,1.11
Leeds,E00057247,283,100.0,1.86
Leeds,E00057248,279,100.0,5.10
Leeds,E00057249,289,100.0,5.72
Leeds,E00057250,240,100.0,26.80
Leeds,E00057251,293,100.0,5.78
Leeds,E00057252,315,100.0,3.58
Leeds,E00057253,321,100.0,6.04
Leeds,E00057254,368,100.0,27.14
Leeds,E00057255,455,100.0,2.61
Leeds,E00057256,210,100.0,1.18
Leeds,E00057257,265,100.0,3.12
Leeds,E00057258,242,100.0,1.18
Leeds,E00057259,196,100.0,1.61
Leeds,E00057261,203,100.0,2.72
Leeds,E00057262,358,100.0,6.27
Leeds,E00057264,340,100.0,1.68
Leeds,E00057265,329,100.0,7.60
Leeds,E00057266,394,100.0,2.16
Leeds,E00057267,308,100.0,7.97
Leeds,E00057268,188,100.0,59.82
Leeds,E00057269,177,100.0,2.85
Leeds,E00057270,373,100.0,3.24
Leeds,E00057271,208,100.0,1.43
Leeds,E00057272,357,100.0,4.82
Leeds,E00057273,319,100.0,10.40
Leeds,E00057274,250,100.0,15.06
Leeds,E00057275,209,100.0,4.53
Leeds,E00057276,302,100.0,4.79
Leeds,E00057277,190,100.0,3.71
Leeds,E00057278,216,100.0,3.32
Leeds,E00057280,186,100.0,1.50
Leeds,E00057281,317,100.0,4.62
Leeds,E00057282,232,100.0,1.15
Leeds,E00057283,266,100.0,1.69
Leeds,E00057284,246,100.0,6.64
Leeds,E00057285,355,100.0,2.05
Leeds,E00057286,230,100.0,4.50
Leeds,E00057287,453,100.0,1.89
Leeds,E00057288,242,100.0,25.86
Leeds,E00057289,362,100.0,6.11
Leeds,E00057290,399,100.0,1.60
Leeds,E00057291,338,100.0,1.27
Leeds,E00057292,280,100.0,3.02
Leeds,E00057293,253,100.0,1.61
Leeds,E00057294,282,100.0,1.20
Leeds,E00057295,214,100.0,2.48
Leeds,E00057296,359,100.0,1.41
Leeds,E00057297,172,100.0,0.83
Leeds,E00057298,300,100.0,1.43
Leeds,E00057300,267,100.0,10.00
Leeds,E00057303,250,100.0,66.14
Leeds,E00057304,341,100.0,4.89
Leeds,E00057305,216,100.0,3.47
Leeds,E00057307,195,100.0,2.43
Leeds,E00057309,355,100.0,11.77
Leeds,E00057310,307,100.0,29.65
Leeds,E00057311,102,100.0,2.36
Leeds,E00057312,187,100.0,8.41
Leeds,E00057313,305,100.0,1.46
Leeds,E00057315,225,100.0,51.77
Leeds,E00057316,256,100.0,10.56
Leeds,E00057321,411,100.0,14.31
Leeds,E00057322,259,100.0,1.40
Leeds,E00057323,308,100.0,3.54
Leeds,E00057325,216,100.0,3.35
Leeds,E00057326,154,100.0,1.87
Leeds,E00057327,124,100.0,0.94
Leeds,E00057328,275,100.0,38.44
Leeds,E00057329,222,100.0,3.85
Leeds,E00057330,248,100.0,3.68
Leeds,E00057331,201,100.0,2.64
Leeds,E00057332,214,100.0,6.83
Leeds,E00057333,256,100.0,25.22
Leeds,E00057334,307,100.0,8.58
Leeds,E00057335,357,100.0,26.73
Leeds,E00057336,298,100.0,6.25
Leeds,E00057337,284,100.0,6.03
Leeds,E00057338,274,100.0,3.57
Leeds,E00057339,312,100.0,3.92
Leeds,E00057340,271,100.0,20.11
Leeds,E00057341,279,100.0,12.40
Leeds,E00057342,269,100.0,12.67
Leeds,E00057343,333,100.0,4.44
Leeds,E00057344,252,100.0,5.36
Leeds,E00057345,251,100.0,4.55
Leeds,E00057346,337,100.0,5.76
Leeds,E00057347,269,100.0,4.26
Leeds,E00057348,225,100.0,9.26
Leeds,E00057349,320,100.0,149.24
Leeds,E00057350,241,100.0,19.23
Leeds,E00057351,202,100.0,22.29
Leeds,E00057352,324,100.0,222.27
Leeds,E00057353,310,100.0,13.76
Leeds,E00057354,281,100.0,5.37
Leeds,E00057355,253,100.0,9.33
Leeds,E00057356,230,100.0,2.93
Leeds,E00057357,287,100.0,4.79
Leeds,E00057358,212,100.0,4.30
Leeds,E00057359,246,100.0,6.85
Leeds,E00057360,338,100.0,24.71
Leeds,E00057361,347,100.0,8.97
Leeds,E00057362,200,100.0,4.71
Leeds,E00057363,216,100.0,2.43
Leeds,E00057364,189,100.0,3.55
Leeds,E00057365,220,100.0,4.07
Leeds,E00057366,229,100.0,4.54
Leeds,E00057367,270,100.0,8.94
Leeds,E00057368,208,100.0,8.81
Leeds,E00057369,209,100.0,4.67
Leeds,E00057370,297,100.0,4.05
Leeds,E00057371,232,100.0,11.12
Leeds,E00057372,296,100.0,21.35
Leeds,E00057374,294,100.0,9.55
Leeds,E00057375,328,100.0,8.24
Leeds,E00057376,297,100.0,10.26
Leeds,E00057377,293,100.0,8.02
Leeds,E00057378,307,100.0,13.10
Leeds,E00057379,364,100.0,5.12
Leeds,E00057380,324,100.0,10.79
Leeds,E00057382,288,100.0,16.69
Leeds,E00057383,238,100.0,4.30
Leeds,E00057384,277,100.0,6.56
Leeds,E00057385,231,100.0,9.89
Leeds,E00057386,266,100.0,5.91
Leeds,E00057387,188,100.0,4.24
Leeds,E00057388,193,100.0,5.61
Leeds,E00057389,286,100.0,4.96
Leeds,E00057390,322,100.0,5.52
Leeds,E00057391,265,100.0,6.07
Leeds,E00057392,295,100.0,9.77
Leeds,E00057393,301,100.0,46.63
Leeds,E00057394,286,100.0,5.48
Leeds,E00057395,262,100.0,7.04
Leeds,E00057396,325,100.0,6.90
Leeds,E00057397,301,100.0,6.46
Leeds,E00057398,281,100.0,5.33
Leeds,E00057399,378,100.0,11.32
Leeds,E00057400,350,100.0,22.71
Leeds,E00057401,327,100.0,10.81
Leeds,E00057402,221,100.0,4.07
Leeds,E00057403,306,100.0,31.26
Leeds,E00057404,181,100.0,27.52
Leeds,E00057405,304,100.0,10.23
Leeds,E00057406,382,100.0,36.44
Leeds,E00057407,235,100.0,6.91
Leeds,E00057408,362,100.0,6.44
Leeds,E00057409,369,100.0,21.94
Leeds,E00057410,292,100.0,5.75
Leeds,E00057411,399,100.0,15.63
Leeds,E00057412,289,100.0,5.86
Leeds,E00057413,296,100.0,2.99
Leeds,E00057414,321,100.0,6.24
Leeds,E00057415,224,100.0,5.00
Leeds,E00057416,307,100.0,6.93
Leeds,E00057417,345,100.0,30.42
Leeds,E00057418,328,100.0,31.92
Leeds,E00057419,286,100.0,10.86
Leeds,E00057420,322,100.0,7.43
Leeds,E00057421,340,100.0,61.04
Leeds,E00057422,321,100.0,34.69
Leeds,E00057423,338,100.0,231.68
Leeds,E00057424,281,100.0,56.76
Leeds,E00057425,319,100.0,20.07
Leeds,E00057426,311,100.0,7.40
Leeds,E00057427,267,100.0,6.46
Leeds,E00057428,270,100.0,57.17
Leeds,E00057429,223,100.0,157.47
Leeds,E00057430,302,100.0,5.17
Leeds,E00057431,381,100.0,73.04
Leeds,E00057432,282,100.0,12.04
Leeds,E00057433,283,100.0,6.63
Leeds,E00057434,288,100.0,8.34
Leeds,E00057435,244,100.0,4.48
Leeds,E00057436,228,100.0,7.10
Leeds,E00057437,278,100.0,6.41
Leeds,E00057438,330,100.0,4.67
Leeds,E00057439,227,100.0,4.12
Leeds,E00057440,246,100.0,5.52
Leeds,E00057441,363,100.0,5.97
Leeds,E00057442,265,100.0,4.91
Leeds,E00057443,241,100.0,4.84
Leeds,E00057444,319,100.0,4.33
Leeds,E00057445,286,100.0,5.76
Leeds,E00057446,344,100.0,7.51
Leeds,E00057447,302,100.0,4.13
Leeds,E00057448,320,100.0,5.30
Leeds,E00057449,267,100.0,6.24
Leeds,E00057450,326,100.0,6.24
Leeds,E00057451,304,100.0,3.13
Leeds,E00057452,261,100.0,5.96
Leeds,E00057453,279,100.0,7.59
Leeds,E00057454,235,100.0,8.20
Leeds,E00057455,300,100.0,33.38
Leeds,E00057456,216,100.0,5.30
Leeds,E00057457,216,100.0,4.26
Leeds,E00057458,282,100.0,3.19
Leeds,E00057459,306,100.0,5.34
Leeds,E00057460,401,100.0,29.48
Leeds,E00057461,247,100.0,5.50
Leeds,E00057462,263,100.0,8.31
Leeds,E00057463,307,100.0,3.61
Leeds,E00057464,265,100.0,6.02
Leeds,E00057465,311,100.0,16.51
Leeds,E00057466,129,100.0,74.03
Leeds,E00057467,282,100.0,6.71
Leeds,E00057468,558,100.0,87.55
Leeds,E00057469,283,100.0,102.25
Leeds,E00057470,333,100.0,39.44
Leeds,E00057471,241,100.0,7.96
Leeds,E00057472,298,100.0,13.22
Leeds,E00057473,364,100.0,241.88
Leeds,E00057474,271,100.0,122.75
Leeds,E00057475,289,100.0,33.81
Leeds,E00057476,273,100.0,49.58
Leeds,E00057477,293,100.0,6.49
Leeds,E00057478,271,100.0,4.98
Leeds,E00057479,195,100.0,4.17
Leeds,E00057480,324,100.0,48.54
Leeds,E00057481,274,100.0,4.71
Leeds,E00057482,269,100.0,6.85
Leeds,E00057483,297,100.0,4.89
Leeds,E00057484,292,100.0,17.60
Leeds,E00057485,293,100.0,884.54
Leeds,E00057486,284,100.0,8.29
Leeds,E00057487,316,100.0,4.38
Leeds,E00057488,227,100.0,6.62
Leeds,E00057489,246,100.0,12.30
Leeds,E00057490,332,100.0,5.83
Leeds,E00057491,281,100.0,10.76
Leeds,E00057492,286,100.0,3.10
Leeds,E00057493,305,100.0,6.76
Leeds,E00057494,277,100.0,4.63
Leeds,E00057495,349,100.0,8.67
Leeds,E00057496,364,100.0,5.84
Leeds,E00057497,283,100.0,7.55
Leeds,E00057498,368,100.0,9.03
Leeds,E00057499,320,100.0,7.13
Leeds,E00057500,217,100.0,5.50
Leeds,E00057501,358,100.0,10.20
Leeds,E00057502,309,100.0,113.13
Leeds,E00057503,370,100.0,7.13
Leeds,E00057504,289,100.0,457.10
Leeds,E00057505,283,100.0,8.32
Leeds,E00057506,293,100.0,4.13
Leeds,E00057507,277,100.0,6.26
Leeds,E00057508,255,100.0,4.00
Leeds,E00057509,289,100.0,6.58
Leeds,E00057510,248,100.0,6.28
Leeds,E00057511,282,100.0,4.42
Leeds,E00057512,280,100.0,4.71
Leeds,E00057513,223,100.0,3.48
Leeds,E00057514,236,100.0,3.18
Leeds,E00057515,218,100.0,10.08
Leeds,E00057516,218,100.0,3.48
Leeds,E00057517,219,100.0,4.94
Leeds,E00057518,290,100.0,6.09
Leeds,E00057519,214,100.0,5.45
Leeds,E00057520,295,100.0,7.00
Leeds,E00057521,277,100.0,5.54
Leeds,E00057522,314,100.0,5.58
Leeds,E00057523,230,100.0,4.84
Leeds,E00057524,272,100.0,4.33
Leeds,E00057525,243,100.0,4.24
Leeds,E00057526,354,100.0,63.39
Leeds,E00057527,282,100.0,4.11
Leeds,E00057528,327,100.0,4.80
Leeds,E00057529,308,100.0,6.93
Leeds,E00057530,326,100.0,4.55
Leeds,E00057531,300,100.0,5.42
Leeds,E00057532,180,100.0,2.06
Leeds,E00057533,295,100.0,5.94
Leeds,E00057534,290,100.0,2.86
Leeds,E00057535,326,100.0,10.73
Leeds,E00057536,245,100.0,7.33
Leeds,E00057537,288,100.0,5.84
Leeds,E00057538,355,100.0,37.35
Leeds,E00057539,238,100.0,8.99
Leeds,E00057540,271,100.0,8.88
Leeds,E00057541,245,100.0,14.78
Leeds,E00057542,302,100.0,3.89
Leeds,E00057543,345,100.0,105.02
Leeds,E00057544,329,100.0,19.25
Leeds,E00057545,224,100.0,6.83
Leeds,E00057546,236,100.0,3.39
Leeds,E00057547,264,100.0,7.44
Leeds,E00057548,258,100.0,10.14
Leeds,E00057549,273,100.0,4.61
Leeds,E00057550,313,100.0,17.24
Leeds,E00057551,296,100.0,13.42
Leeds,E00057552,360,100.0,11.10
Leeds,E00057553,291,100.0,4.98
Leeds,E00057554,321,100.0,13.38
Leeds,E00057555,243,100.0,4.68
Leeds,E00057556,219,100.0,491.38
Leeds,E00057557,288,100.0,6.31
Leeds,E00057558,252,100.0,7.23
Leeds,E00057559,360,100.0,113.59
Leeds,E00057560,319,100.0,59.74
Leeds,E00057561,276,100.0,5.17
Leeds,E00057562,293,100.0,7.16
Leeds,E00057563,231,100.0,10.00
Leeds,E00057564,321,100.0,5.29
Leeds,E00057565,277,100.0,4.98
Leeds,E00057566,326,100.0,7.98
Leeds,E00057567,532,100.0,2.20
Leeds,E00057568,483,100.0,2.75
Leeds,E00057570,531,100.0,8.90
Leeds,E00057571,336,100.0,3.00
Leeds,E00057573,315,100.0,3.98
Leeds,E00057574,309,100.0,1.73
Leeds,E00057575,284,100.0,2.27
Leeds,E00057576,196,100.0,2.79
Leeds,E00057577,461,100.0,3.94
Leeds,E00057578,297,100.0,15.40
Leeds,E00057579,378,100.0,4.49
Leeds,E00057580,387,100.0,5.07
Leeds,E00057581,419,100.0,2.08
Leeds,E00057582,316,100.0,6.58
Leeds,E00057583,393,100.0,1.52
Leeds,E00057584,367,100.0,5.48
Leeds,E00057585,321,100.0,4.30
Leeds,E00057586,307,100.0,1.82
Leeds,E00057587,322,100.0,5.60
Leeds,E00057589,586,100.0,3.02
Leeds,E00057590,406,100.0,1.30
Leeds,E00057591,364,100.0,5.00
Leeds,E00057592,474,100.0,5.01
Leeds,E00057593,341,100.0,1.59
Leeds,E00057594,361,100.0,5.52
Leeds,E00057595,383,100.0,1.75
Leeds,E00057596,281,100.0,1.37
Leeds,E00057597,504,100.0,5.51
Leeds,E00057598,438,100.0,6.68
Leeds,E00057599,335,100.0,2.69
Leeds,E00057600,284,100.0,2.94
Leeds,E00057601,333,100.0,1.71
Leeds,E00057602,431,100.0,1.35
Leeds,E00057603,316,100.0,3.94
Leeds,E00057604,254,100.0,4.56
Leeds,E00057605,294,100.0,3.80
Leeds,E00057606,235,100.0,3.50
Leeds,E00057607,407,100.0,5.82
Leeds,E00057608,378,100.0,3.50
Leeds,E00057609,265,100.0,1.14
Leeds,E00057610,237,100.0,1.29
Leeds,E00057611,259,100.0,1.33
Leeds,E00057612,321,100.0,1.91
Leeds,E00057613,277,100.0,1.84
Leeds,E00057614,286,100.0,3.59
Leeds,E00057615,382,100.0,1.98
Leeds,E00057616,315,100.0,1.78
Leeds,E00057617,252,100.0,2.25
Leeds,E00057618,265,100.0,4.65
Leeds,E00057619,288,100.0,5.34
Leeds,E00057620,361,100.0,4.37
Leeds,E00057621,373,100.0,6.95
Leeds,E00057622,299,100.0,3.53
Leeds,E00057623,302,100.0,4.75
Leeds,E00057624,237,100.0,4.70
Leeds,E00057625,338,100.0,6.73
Leeds,E00057626,296,100.0,3.24
Leeds,E00057627,246,100.0,4.37
Leeds,E00057628,327,100.0,1.31
Leeds,E00057629,305,100.0,1.41
Leeds,E00057630,477,100.0,2.21
Leeds,E00057631,288,100.0,3.72
Leeds,E00057632,315,100.0,1.56
Leeds,E00057633,266,100.0,1.94
Leeds,E00057634,342,100.0,16.80
Leeds,E00057635,352,100.0,1.32
Leeds,E00057637,438,100.0,2.75
Leeds,E00057638,347,100.0,2.31
Leeds,E00057639,446,100.0,4.10
Leeds,E00057641,282,100.0,3.41
Leeds,E00057642,419,100.0,5.82
Leeds,E00057643,359,100.0,2.97
Leeds,E00057645,483,100.0,9.40
Leeds,E00057646,312,100.0,2.57
Leeds,E00057647,263,100.0,1.06
Leeds,E00057648,605,100.0,2.43
Leeds,E00057649,446,100.0,2.29
Leeds,E00057650,544,100.0,2.13
Leeds,E00057651,405,100.0,1.97
Leeds,E00057652,398,100.0,1.64
Leeds,E00057653,312,100.0,1.20
Leeds,E00057654,409,100.0,2.32
Leeds,E00057655,365,100.0,4.03
Leeds,E00057656,104,100.0,0.93
Leeds,E00057657,362,100.0,1.50
Leeds,E00057658,391,100.0,1.70
Leeds,E00057659,356,100.0,1.89
Leeds,E00057660,124,100.0,0.78
Leeds,E00057661,560,100.0,1.82
Leeds,E00057662,364,100.0,1.58
Leeds,E00057663,426,100.0,2.08
Leeds,E00057664,333,100.0,1.39
Leeds,E00057665,294,100.0,3.15
Leeds,E00057666,293,100.0,1.54
Leeds,E00057667,168,100.0,1.66
Leeds,E00057668,196,100.0,1.68
Leeds,E00057669,294,100.0,1.19
Leeds,E00057670,203,100.0,0.91
Leeds,E00057671,180,100.0,3.88
Leeds,E00057672,231,100.0,9.21
Leeds,E00057673,369,100.0,6.08
Leeds,E00057674,185,100.0,5.37
Leeds,E00057675,223,100.0,4.88
Leeds,E00057676,250,100.0,5.13
Leeds,E00057679,225,100.0,3.26
Leeds,E00057680,224,100.0,8.28
Leeds,E00057681,461,100.0,15.08
Leeds,E00057682,442,100.0,1.59
Leeds,E00057683,195,100.0,3.43
Leeds,E00057684,178,100.0,4.43
Leeds,E00057685,174,100.0,4.61
Leeds,E00057686,479,100.0,1.57
Leeds,E00057687,196,100.0,0.74
Leeds,E00057689,453,100.0,6.04
Leeds,E00057690,390,100.0,3.85
Leeds,E00057691,307,100.0,3.58
Leeds,E00057692,350,100.0,3.58
Leeds,E00057693,238,100.0,1.64
Leeds,E00057695,269,100.0,3.31
Leeds,E00057696,215,100.0,7.52
Leeds,E00057697,255,100.0,3.71
Leeds,E00057698,335,100.0,8.35
Leeds,E00057699,252,100.0,1.36
Leeds,E00057700,462,100.0,1.51
Leeds,E00057701,254,100.0,1.20
Leeds,E00057702,335,100.0,6.49
Leeds,E00057703,463,100.0,2.72
Leeds,E00057704,233,100.0,2.80
Leeds,E00057705,344,100.0,6.16
Leeds,E00057706,335,100.0,71.71
Leeds,E00057707,262,100.0,77.00
Leeds,E00057708,291,100.0,61.38
Leeds,E00057709,359,100.0,39.72
Leeds,E00057710,322,100.0,14.87
Leeds,E00057711,342,100.0,8.09
Leeds,E00057712,356,100.0,70.97
Leeds,E00057713,297,100.0,6.72
Leeds,E00057714,250,100.0,3.29
Leeds,E00057715,265,100.0,4.98
Leeds,E00057716,369,100.0,15.05
Leeds,E00057717,291,100.0,7.72
Leeds,E00057718,335,100.0,6.62
Leeds,E00057719,308,100.0,8.16
Leeds,E00057720,235,100.0,3.76
Leeds,E00057721,297,100.0,5.80
Leeds,E00057722,335,100.0,5.47
Leeds,E00057723,376,100.0,10.57
Leeds,E00057724,325,100.0,6.16
Leeds,E00057725,290,100.0,6.35
Leeds,E00057727,348,100.0,60.31
Leeds,E00057728,275,100.0,9.01
Leeds,E00057729,273,100.0,12.54
Leeds,E00057730,242,100.0,15.14
Leeds,E00057731,345,100.0,5.81
Leeds,E00057732,405,100.0,17.61
Leeds,E00057733,348,100.0,106.46
Leeds,E00057734,337,100.0,17.16
Leeds,E00057735,391,100.0,53.32
Leeds,E00057736,249,100.0,16.37
Leeds,E00057737,304,100.0,4.63
Leeds,E00057738,538,100.0,20.83
Leeds,E00057739,301,100.0,9.77
Leeds,E00057740,310,100.0,18.65
Leeds,E00057741,323,100.0,34.23
Leeds,E00057742,336,100.0,12.42
Leeds,E00057743,232,100.0,4.73
Leeds,E00057744,288,100.0,4.86
Leeds,E00057745,267,100.0,24.44
Leeds,E00057746,244,100.0,3.31
Leeds,E00057747,253,100.0,9.04
Leeds,E00057748,311,100.0,7.49
Leeds,E00057749,229,100.0,2.97
Leeds,E00057750,362,100.0,71.01
Leeds,E00057751,237,100.0,6.52
Leeds,E00057752,264,100.0,4.14
Leeds,E00057753,243,100.0,9.31
Leeds,E00057754,261,100.0,5.07
Leeds,E00057755,307,100.0,4.82
Leeds,E00057756,275,100.0,3.91
Leeds,E00057757,226,100.0,4.13
Leeds,E00057758,344,100.0,6.23
Leeds,E00057759,220,100.0,7.58
Leeds,E00057760,246,100.0,3.59
Leeds,E00057761,265,100.0,2.85
Leeds,E00057762,312,100.0,4.31
Leeds,E00057763,312,100.0,16.20
Leeds,E00057764,340,100.0,8.06
Leeds,E00057765,314,100.0,5.74
Leeds,E00057766,260,100.0,5.52
Leeds,E00057767,243,100.0,5.83
Leeds,E00057768,299,100.0,10.51
Leeds,E00057769,379,100.0,12.76
Leeds,E00057770,268,100.0,5.16
Leeds,E00057771,245,100.0,2.62
Leeds,E00057772,214,100.0,2.61
Leeds,E00057773,270,100.0,5.41
Leeds,E00057774,233,100.0,9.45
Leeds,E00057775,265,100.0,4.66
Leeds,E00057776,273,100.0,6.55
Leeds,E00057777,258,100.0,4.08
Leeds,E00057778,265,100.0,3.84
Leeds,E00057779,318,100.0,4.22
Leeds,E00057780,284,100.0,3.53
Leeds,E00057781,288,100.0,4.66
Leeds,E00057782,352,100.0,7.78
Leeds,E00057783,347,100.0,5.65
Leeds,E00057784,327,100.0,5.73
Leeds,E00057785,350,100.0,4.90
Leeds,E00057786,307,100.0,5.69
Leeds,E00057787,488,100.0,17.15
Leeds,E00057788,309,100.0,3.09
Leeds,E00057789,257,100.0,31.74
Leeds,E00057790,191,100.0,4.04
Leeds,E00057791,287,100.0,16.52
Leeds,E00057792,281,100.0,57.07
Leeds,E00057793,239,100.0,3.68
Leeds,E00057794,215,100.0,4.46
Leeds,E00057795,350,100.0,134.76
Leeds,E00057796,189,100.0,5.57
Leeds,E00057797,319,100.0,6.89
Leeds,E00057798,327,100.0,10.95
Leeds,E00057799,196,100.0,4.15
Leeds,E00057800,281,100.0,4.49
Leeds,E00057801,277,100.0,12.42
Leeds,E00057802,192,100.0,2.55
Leeds,E00057803,256,100.0,9.96
Leeds,E00057804,285,100.0,4.20
Leeds,E00057805,304,100.0,11.77
Leeds,E00057806,372,100.0,10.82
Leeds,E00057807,144,100.0,4.11
Leeds,E00057808,362,100.0,13.03
Leeds,E00057809,195,100.0,6.56
Leeds,E00057810,352,100.0,5.55
Leeds,E00057811,318,100.0,6.45
Leeds,E00057812,255,100.0,4.84
Leeds,E00057813,279,100.0,5.54
Leeds,E00057814,344,100.0,5.53
Leeds,E00057815,301,100.0,7.61
Leeds,E00057816,309,100.0,3.45
Leeds,E00057817,270,100.0,4.44
Leeds,E00057818,230,100.0,4.38
Leeds,E00057819,335,100.0,6.16
Leeds,E00057820,242,100.0,4.62
Leeds,E00057821,243,100.0,6.49
Leeds,E00057822,309,100.0,4.82
Leeds,E00057823,296,100.0,4.89
Leeds,E00057824,293,100.0,4.87
Leeds,E00057825,379,100.0,34.44
Leeds,E00057826,215,100.0,8.67
Leeds,E00057827,269,100.0,9.89
Leeds,E00057828,276,100.0,27.95
Leeds,E00057829,221,100.0,4.24
Leeds,E00057830,187,100.0,140.91
Leeds,E00057831,272,100.0,9.64
Leeds,E00057832,329,100.0,19.37
Leeds,E00057833,397,100.0,1.59
Leeds,E00057834,308,100.0,14.25
Leeds,E00057835,320,100.0,5.17
Leeds,E00057838,302,100.0,33.86
Leeds,E00057839,315,100.0,13.89
Leeds,E00057840,300,100.0,10.92
Leeds,E00057841,300,100.0,6.55
Leeds,E00057842,266,100.0,3.49
Leeds,E00057843,343,100.0,7.07
Leeds,E00057844,316,100.0,5.44
Leeds,E00057845,322,100.0,5.63
Leeds,E00057846,298,100.0,5.52
Leeds,E00057847,281,100.0,3.58
Leeds,E00057848,290,100.0,2.03
Leeds,E00057849,328,100.0,9.32
Leeds,E00057850,245,100.0,1.72
Leeds,E00057851,280,100.0,4.55
Leeds,E00057852,379,100.0,3.12
Leeds,E00057853,206,100.0,5.60
Leeds,E00057854,349,100.0,9.62
Leeds,E00057855,384,100.0,2.85
Leeds,E00057856,259,100.0,14.81
Leeds,E00057857,261,100.0,1.12
Leeds,E00057858,269,100.0,1.32
Leeds,E00057859,439,100.0,7.74
Leeds,E00057860,325,100.0,9.53
Leeds,E00057861,258,100.0,13.71
Leeds,E00057862,325,100.0,5.58
Leeds,E00057863,206,100.0,4.96
Leeds,E00057864,343,100.0,4.17
Leeds,E00057865,290,100.0,6.35
Leeds,E00057866,340,100.0,6.68
Leeds,E00057867,323,100.0,8.88
Leeds,E00057868,235,100.0,3.08
Leeds,E00057869,319,100.0,5.24
Leeds,E00057871,294,100.0,3.60
Leeds,E00057872,222,100.0,3.15
Leeds,E00057873,263,100.0,10.05
Leeds,E00057874,253,100.0,4.97
Leeds,E00057875,361,100.0,15.74
Leeds,E00057876,356,100.0,7.36
Leeds,E00057877,217,100.0,3.78
Leeds,E00057878,302,100.0,3.25
Leeds,E00057879,348,100.0,11.42
Leeds,E00057880,220,100.0,4.04
Leeds,E00057881,281,100.0,23.08
Leeds,E00057882,248,100.0,3.05
Leeds,E00057883,283,100.0,3.61
Leeds,E00057884,309,100.0,6.72
Leeds,E00057885,348,100.0,6.23
Leeds,E00057887,456,100.0,26.89
Leeds,E00057888,155,100.0,1.71
Leeds,E00057889,346,100.0,5.80
Leeds,E00057891,407,100.0,2.17
Leeds,E00057892,312,100.0,1.95
Leeds,E00057893,299,100.0,5.77
Leeds,E00057894,435,100.0,1.72
Leeds,E00057895,194,100.0,5.95
Leeds,E00057896,256,100.0,3.11
Leeds,E00057897,274,100.0,2.83
Leeds,E00057898,328,100.0,2.11
Leeds,E00057899,295,100.0,17.88
Leeds,E00057900,263,100.0,2.60
Leeds,E00057901,236,100.0,2.08
Leeds,E00057902,369,100.0,5.16
Leeds,E00057903,308,100.0,3.83
Leeds,E00057904,300,100.0,11.63
Leeds,E00057905,318,100.0,54.23
Leeds,E00057906,244,100.0,7.78
Leeds,E00057907,290,100.0,126.85
Leeds,E00057908,273,100.0,3.36
Leeds,E00057909,320,100.0,5.10
Leeds,E00057911,312,100.0,10.61
Leeds,E00057913,279,100.0,16.43
Leeds,E00057914,268,100.0,5.56
Leeds,E00057916,277,100.0,5.15
Leeds,E00057917,413,100.0,6.71
Leeds,E00057918,258,100.0,5.14
Leeds,E00057919,306,100.0,4.89
Leeds,E00057920,333,100.0,10.12
Leeds,E00057921,291,100.0,81.30
Leeds,E00057922,206,100.0,33.44
Leeds,E00057923,328,100.0,3.89
Leeds,E00057924,304,100.0,4.66
Leeds,E00057925,277,100.0,103.44
Leeds,E00057926,318,100.0,37.30
Leeds,E00057927,295,100.0,7.94
Leeds,E00057928,302,100.0,4.72
Leeds,E00057929,350,100.0,5.82
Leeds,E00057932,307,100.0,9.78
Leeds,E00057933,230,100.0,4.09
Leeds,E00057934,292,100.0,5.87
Leeds,E00057935,364,100.0,7.91
Leeds,E00057936,297,100.0,4.00
Leeds,E00057937,319,100.0,9.21
Leeds,E00057938,305,100.0,5.72
Leeds,E00057939,359,100.0,20.54
Leeds,E00057940,352,100.0,7.05
Leeds,E00057941,311,100.0,11.23
Leeds,E00057942,278,100.0,3.26
Leeds,E00057943,237,100.0,5.49
Leeds,E00057944,301,100.0,3.85
Leeds,E00057945,168,100.0,3.08
Leeds,E00057946,362,100.0,6.47
Leeds,E00057947,237,100.0,9.22
Leeds,E00057949,241,100.0,16.83
Leeds,E00057950,390,100.0,13.63
Leeds,E00057951,356,100.0,7.39
Leeds,E00057952,230,100.0,3.11
Leeds,E00057955,279,100.0,23.85
Leeds,E00057956,315,100.0,6.05
Leeds,E00057957,308,100.0,4.43
Leeds,E00057959,315,100.0,47.83
Leeds,E00057960,410,100.0,35.62
Leeds,E00057961,393,100.0,59.67
Leeds,E00057962,302,100.0,5.82
Leeds,E00057963,303,100.0,29.02
Leeds,E00057965,399,100.0,10.17
Leeds,E00057966,298,100.0,4.98
Leeds,E00057967,217,100.0,4.72
Leeds,E00057968,253,100.0,18.33
Leeds,E00057969,274,100.0,18.64
Leeds,E00057970,230,100.0,20.90
Leeds,E00057971,292,100.0,4.57
Leeds,E00057972,295,100.0,4.79
Leeds,E00057973,339,100.0,6.16
Leeds,E00057974,353,100.0,5.08
Leeds,E00057975,368,100.0,6.05
Leeds,E00057976,234,100.0,3.90
Leeds,E00057977,284,100.0,9.66
Leeds,E00057978,328,100.0,7.56
Leeds,E00057979,301,100.0,5.82
Leeds,E00057980,447,100.0,8.06
Leeds,E00057981,222,100.0,5.03
Leeds,E00057982,240,100.0,6.47
Leeds,E00057983,248,100.0,3.98
Leeds,E00057984,362,100.0,5.77
Leeds,E00057985,383,100.0,4.45
Leeds,E00057986,311,100.0,5.26
Leeds,E00057987,285,100.0,14.55
Leeds,E00057988,310,100.0,4.83
Leeds,E00057989,345,100.0,4.59
Leeds,E00057990,265,100.0,5.78
Leeds,E00057991,262,100.0,5.00
Leeds,E00057992,342,100.0,6.83
Leeds,E00057993,251,100.0,6.27
Leeds,E00057994,250,100.0,6.05
Leeds,E00057995,218,100.0,4.29
Leeds,E00057996,245,100.0,16.10
Leeds,E00057997,337,100.0,5.43
Leeds,E00057998,170,100.0,5.11
Leeds,E00057999,252,100.0,4.27
Leeds,E00058000,260,100.0,9.06
Leeds,E00058001,372,100.0,6.07
Leeds,E00058002,242,100.0,6.41
Leeds,E00058003,233,100.0,5.76
Leeds,E00058004,270,100.0,5.24
Leeds,E00058005,268,100.0,5.36
Leeds,E00058006,220,100.0,4.57
Leeds,E00058007,318,100.0,5.71
Leeds,E00058008,150,100.0,7.33
Leeds,E00058009,340,100.0,7.64
Leeds,E00058010,327,100.0,9.41
Leeds,E00058011,289,100.0,5.53
Leeds,E00058012,248,100.0,4.75
Leeds,E00058013,377,100.0,6.83
Leeds,E00058014,341,100.0,6.65
Leeds,E00058015,269,100.0,5.06
Leeds,E00058016,569,100.0,9.94
Leeds,E00058017,329,100.0,7.61
Leeds,E00058018,303,100.0,5.30
Leeds,E00058019,258,100.0,4.79
Leeds,E00058020,318,100.0,6.68
Leeds,E00058021,379,100.0,7.50
Leeds,E00058022,210,100.0,12.31
Leeds,E00058023,408,100.0,10.32
Leeds,E00058024,302,100.0,8.57
Leeds,E00058025,267,100.0,13.16
Leeds,E00058026,257,100.0,4.72
Leeds,E00058027,349,100.0,34.70
Leeds,E00058028,309,100.0,8.28
Leeds,E00058029,180,100.0,12.22
Leeds,E00058030,329,100.0,6.00
Leeds,E00058031,279,100.0,5.33
Leeds,E00058032,292,100.0,9.22
Leeds,E00058033,358,100.0,11.64
Leeds,E00058034,306,100.0,5.30
Leeds,E00058036,340,100.0,4.19
Leeds,E00058037,322,100.0,4.83
Leeds,E00058038,281,100.0,5.13
Leeds,E00058039,344,100.0,7.46
Leeds,E00058040,269,100.0,3.22
Leeds,E00058041,440,100.0,25.62
Leeds,E00058042,546,100.0,13.20
Leeds,E00058043,295,100.0,6.18
Leeds,E00058044,320,100.0,6.05
Leeds,E00058045,235,100.0,5.76
Leeds,E00058047,257,100.0,19.87
Leeds,E00058048,333,100.0,51.87
Leeds,E00058049,263,100.0,43.35
Leeds,E00058050,326,100.0,5.51
Leeds,E00058051,266,100.0,27.19
Leeds,E00058052,234,100.0,4.30
Leeds,E00058053,321,100.0,37.75
Leeds,E00058054,278,100.0,8.16
Leeds,E00058055,338,100.0,5.29
Leeds,E00058056,280,100.0,8.07
Leeds,E00058057,331,100.0,65.05
Leeds,E00058058,280,100.0,6.32
Leeds,E00058059,360,100.0,62.35
Leeds,E00058060,277,100.0,7.92
Leeds,E00058061,293,100.0,8.02
Leeds,E00058062,357,100.0,7.13
Leeds,E00058063,274,100.0,73.60
Leeds,E00058064,287,100.0,155.31
Leeds,E00058065,138,100.0,2.62
Leeds,E00058066,275,100.0,5.08
Leeds,E00058067,275,100.0,6.91
Leeds,E00058068,315,100.0,7.97
Leeds,E00058069,330,100.0,14.64
Leeds,E00058070,280,100.0,6.22
Leeds,E00058071,301,100.0,5.18
Leeds,E00058072,315,100.0,7.03
Leeds,E00058073,441,100.0,36.36
Leeds,E00058074,272,100.0,5.17
Leeds,E00058075,385,100.0,35.16
Leeds,E00058076,306,100.0,38.75
Leeds,E00058077,308,100.0,8.73
Leeds,E00058078,376,100.0,6.50
Leeds,E00058079,313,100.0,8.54
Leeds,E00058080,318,100.0,5.72
Leeds,E00058081,308,100.0,22.56
Leeds,E00058082,440,100.0,6.17
Leeds,E00058083,263,100.0,8.29
Leeds,E00058084,232,100.0,2.66
Leeds,E00058086,345,100.0,163.74
Leeds,E00058087,295,100.0,7.65
Leeds,E00058088,280,100.0,15.40
Leeds,E00058089,276,100.0,96.51
Leeds,E00058090,391,100.0,18.21
Leeds,E00058091,387,100.0,7.60
Leeds,E00058092,246,100.0,2.56
Leeds,E00058093,280,100.0,6.02
Leeds,E00058094,312,100.0,36.81
Leeds,E00058095,308,100.0,14.24
Leeds,E00058096,319,100.0,3.51
Leeds,E00058097,265,100.0,14.75
Leeds,E00058098,324,100.0,18.59
Leeds,E00058099,320,100.0,5.74
Leeds,E00058100,280,100.0,7.09
Leeds,E00058101,359,100.0,10.74
Leeds,E00058102,301,100.0,7.30
Leeds,E00058103,336,100.0,4.61
Leeds,E00058104,280,100.0,9.39
Leeds,E00058105,339,100.0,5.58
Leeds,E00058106,273,100.0,4.90
Leeds,E00058107,330,100.0,4.46
Leeds,E00058108,254,100.0,9.45
Leeds,E00058109,247,100.0,3.43
Leeds,E00058110,330,100.0,5.97
Leeds,E00058111,360,100.0,5.06
Leeds,E00058112,356,100.0,3.76
Leeds,E00058113,238,100.0,5.39
Leeds,E00058114,238,100.0,2.31
Leeds,E00058115,362,100.0,121.61
Leeds,E00058116,192,100.0,3.42
Leeds,E00058117,248,100.0,5.10
Leeds,E00058118,315,100.0,4.10
Leeds,E00058119,195,100.0,5.19
Leeds,E00058120,292,100.0,4.70
Leeds,E00058121,444,100.0,9.55
Leeds,E00058122,253,100.0,4.76
Leeds,E00058123,258,100.0,3.65
Leeds,E00058124,138,100.0,2.55
Leeds,E00058125,284,100.0,5.09
Leeds,E00058126,277,100.0,11.64
Leeds,E00058127,315,100.0,20.36
Leeds,E00058128,373,100.0,33.62
Leeds,E00058129,301,100.0,70.64
Leeds,E00058130,393,100.0,15.79
Leeds,E00058131,296,100.0,22.58
Leeds,E00058132,447,100.0,14.23
Leeds,E00058133,343,100.0,6.69
Leeds,E00058134,258,100.0,9.69
Leeds,E00058135,318,100.0,58.24
Leeds,E00058136,322,100.0,14.78
Leeds,E00058137,263,100.0,8.89
Leeds,E00058138,312,100.0,10.09
Leeds,E00058139,298,100.0,16.72
Leeds,E00058140,282,100.0,16.83
Leeds,E00058141,318,100.0,4.76
Leeds,E00058142,330,100.0,5.24
Leeds,E00058143,394,100.0,7.53
Leeds,E00058144,314,100.0,7.39
Leeds,E00058145,321,100.0,7.00
Leeds,E00058146,299,100.0,5.84
Leeds,E00058147,274,100.0,3.78
Leeds,E00058148,291,100.0,7.03
Leeds,E00058149,298,100.0,5.35
Leeds,E00058150,304,100.0,6.01
Leeds,E00058151,282,100.0,16.22
Leeds,E00058152,325,100.0,28.68
Leeds,E00058153,292,100.0,8.54
Leeds,E00058154,322,100.0,21.93
Leeds,E00058155,272,100.0,57.77
Leeds,E00058156,360,100.0,11.11
Leeds,E00058157,313,100.0,156.49
Leeds,E00058158,306,100.0,14.37
Leeds,E00058159,212,100.0,4.56
Leeds,E00058160,310,100.0,41.09
Leeds,E00058161,333,100.0,17.51
Leeds,E00058162,261,100.0,10.69
Leeds,E00058163,344,100.0,11.45
Leeds,E00058164,360,100.0,6.08
Leeds,E00058165,418,100.0,300.58
Leeds,E00058166,252,100.0,9.47
Leeds,E00058167,251,100.0,19.95
Leeds,E00058168,294,100.0,57.92
Leeds,E00058169,342,100.0,16.52
Leeds,E00058170,265,100.0,7.49
Leeds,E00058171,248,100.0,9.56
Leeds,E00058172,406,100.0,7.83
Leeds,E00058173,360,100.0,5.09
Leeds,E00058174,248,100.0,164.13
Leeds,E00058175,341,100.0,7.01
Leeds,E00058177,258,100.0,2.68
Leeds,E00058178,345,100.0,5.54
Leeds,E00058179,295,100.0,12.85
Leeds,E00058180,235,100.0,4.12
Leeds,E00058181,307,100.0,8.81
Leeds,E00058182,309,100.0,3.75
Leeds,E00058183,301,100.0,7.51
Leeds,E00058184,231,100.0,6.09
Leeds,E00058185,245,100.0,10.96
Leeds,E00058186,316,100.0,6.33
Leeds,E00058187,311,100.0,3.47
Leeds,E00058188,315,100.0,5.26
Leeds,E00058189,229,100.0,8.07
Leeds,E00058190,263,100.0,6.73
Leeds,E00058191,368,100.0,8.32
Leeds,E00058192,220,100.0,6.86
Leeds,E00058193,300,100.0,6.07
Leeds,E00058194,263,100.0,5.40
Leeds,E00058195,244,100.0,3.34
Leeds,E00058196,236,100.0,5.07
Leeds,E00058197,209,100.0,5.14
Leeds,E00058199,256,100.0,4.65
Leeds,E00058200,344,100.0,4.92
Leeds,E00058201,213,100.0,6.38
Leeds,E00058202,277,100.0,25.86
Leeds,E00058204,241,100.0,7.70
Leeds,E00058205,553,100.0,10.23
Leeds,E00058206,231,100.0,12.99
Leeds,E00058207,343,100.0,32.63
Leeds,E00058208,337,100.0,6.39
Leeds,E00058209,306,100.0,131.97
Leeds,E00058210,327,100.0,21.17
Leeds,E00058211,257,100.0,143.37
Leeds,E00058212,285,100.0,12.87
Leeds,E00058213,258,100.0,11.56
Leeds,E00058214,364,100.0,5.03
Leeds,E00058215,332,100.0,5.34
Leeds,E00058216,239,100.0,4.09
Leeds,E00058217,279,100.0,2.15
Leeds,E00058218,294,100.0,4.86
Leeds,E00058219,294,100.0,4.16
Leeds,E00058220,382,100.0,10.17
Leeds,E00058221,255,100.0,5.22
Leeds,E00058222,295,100.0,4.69
Leeds,E00058223,357,100.0,6.95
Leeds,E00058224,267,100.0,5.79
Leeds,E00058225,536,100.0,14.34
Leeds,E00058226,265,100.0,5.74
Leeds,E00058227,243,100.0,6.64
Leeds,E00058228,226,100.0,6.15
Leeds,E00058229,309,100.0,4.29
Leeds,E00058230,269,100.0,4.23
Leeds,E00058231,254,100.0,4.08
Leeds,E00058232,236,100.0,7.87
Leeds,E00058233,356,100.0,6.36
Leeds,E00058234,377,100.0,49.55
Leeds,E00058235,246,100.0,19.55
Leeds,E00058236,313,100.0,73.58
Leeds,E00058237,301,100.0,6.35
Leeds,E00058238,298,100.0,11.45
Leeds,E00058239,287,100.0,10.19
Leeds,E00058240,368,100.0,10.62
Leeds,E00058241,296,100.0,6.13
Leeds,E00058242,253,100.0,4.42
Leeds,E00058243,236,100.0,52.08
Leeds,E00058244,270,100.0,6.89
Leeds,E00058245,231,100.0,8.89
Leeds,E00058246,230,100.0,8.28
Leeds,E00058247,224,100.0,6.46
Leeds,E00058248,286,100.0,4.07
Leeds,E00058249,264,100.0,17.79
Leeds,E00058250,225,100.0,2.06
Leeds,E00058251,277,100.0,5.46
Leeds,E00058252,283,100.0,4.62
Leeds,E00058253,305,100.0,9.79
Leeds,E00058254,245,100.0,7.00
Leeds,E00058255,323,100.0,13.20
Leeds,E00058256,230,100.0,16.04
Leeds,E00058257,228,100.0,9.06
Leeds,E00058258,260,100.0,7.29
Leeds,E00058259,250,100.0,4.29
Leeds,E00058260,297,100.0,9.84
Leeds,E00058261,268,100.0,10.29
Leeds,E00058262,343,100.0,5.35
Leeds,E00058263,227,100.0,10.49
Leeds,E00058264,264,100.0,11.16
Leeds,E00058265,284,100.0,7.47
Leeds,E00058266,119,100.0,848.05
Leeds,E00058267,308,100.0,57.87
Leeds,E00058268,311,100.0,6.68
Leeds,E00058269,292,100.0,5.09
Leeds,E00058270,328,100.0,8.80
Leeds,E00058271,223,100.0,5.84
Leeds,E00058272,315,100.0,14.50
Leeds,E00058273,192,100.0,5.37
Leeds,E00058274,295,100.0,6.10
Leeds,E00058275,340,100.0,8.95
Leeds,E00058276,238,100.0,4.07
Leeds,E00058277,194,100.0,3.62
Leeds,E00058278,276,100.0,7.57
Leeds,E00058279,310,100.0,4.04
Leeds,E00058280,256,100.0,3.31
Leeds,E00058281,236,100.0,6.02
Leeds,E00058282,283,100.0,5.39
Leeds,E00058283,307,100.0,6.50
Leeds,E00058284,296,100.0,12.73
Leeds,E00058285,145,100.0,2.72
Leeds,E00058286,169,100.0,3.39
Leeds,E00058287,446,100.0,10.90
Leeds,E00058288,328,100.0,6.82
Leeds,E00058289,283,100.0,4.58
Leeds,E00058290,297,100.0,6.20
Leeds,E00058291,237,100.0,5.45
Leeds,E00058292,310,100.0,5.01
Leeds,E00058293,316,100.0,4.09
Leeds,E00058294,278,100.0,624.79
Leeds,E00058295,329,100.0,"1,689.10"
Leeds,E00058296,365,100.0,93.85
Leeds,E00058297,350,100.0,24.71
Leeds,E00058298,281,100.0,228.97
Leeds,E00058299,330,100.0,15.08
Leeds,E00058300,306,100.0,7.06
Leeds,E00058301,241,100.0,6.31
Leeds,E00058302,329,100.0,8.62
Leeds,E00058303,299,100.0,9.79
Leeds,E00058304,290,100.0,5.52
Leeds,E00058305,230,100.0,4.51
Leeds,E00058306,359,100.0,4.59
Leeds,E00058307,263,100.0,4.45
Leeds,E00058308,321,100.0,7.42
Leeds,E00058309,297,100.0,31.71
Leeds,E00058310,284,100.0,72.97
Leeds,E00058311,292,100.0,4.89
Leeds,E00058312,174,100.0,67.13
Leeds,E00058313,331,100.0,6.78
Leeds,E00058314,278,100.0,7.75
Leeds,E00058315,285,100.0,11.80
Leeds,E00058317,267,100.0,10.42
Leeds,E00058318,237,100.0,3.37
Leeds,E00058319,253,100.0,759.92
Leeds,E00058320,279,100.0,35.38
Leeds,E00058321,305,100.0,11.98
Leeds,E00058322,266,100.0,11.41
Leeds,E00058323,326,100.0,26.84
Leeds,E00058325,293,100.0,37.05
Leeds,E00058326,309,100.0,13.51
Leeds,E00058327,430,100.0,348.10
Leeds,E00058328,292,100.0,7.60
Leeds,E00058329,269,100.0,5.63
Leeds,E00058330,320,100.0,84.60
Leeds,E00058331,329,100.0,90.69
Leeds,E00058332,171,100.0,523.62
Leeds,E00058333,311,100.0,10.63
Leeds,E00058334,273,100.0,9.04
Leeds,E00058335,228,100.0,5.75
Leeds,E00058336,282,100.0,25.37
Leeds,E00058337,301,100.0,51.22
Leeds,E00058338,320,100.0,8.18
Leeds,E00058339,275,100.0,17.57
Leeds,E00058340,410,100.0,6.95
Leeds,E00058341,267,100.0,5.55
Leeds,E00058342,217,100.0,79.79
Leeds,E00058343,249,100.0,5.25
Leeds,E00058344,299,100.0,30.38
Leeds,E00058345,279,100.0,31.66
Leeds,E00058346,292,100.0,25.98
Leeds,E00058347,296,100.0,124.07
Leeds,E00058348,300,100.0,25.99
Leeds,E00058349,242,100.0,8.80
Leeds,E00058350,292,100.0,7.25
Leeds,E00058351,304,100.0,6.47
Leeds,E00058352,262,100.0,8.75
Leeds,E00058353,242,100.0,10.04
Leeds,E00058354,353,100.0,3.81
Leeds,E00058355,247,100.0,8.75
Leeds,E00058356,368,100.0,5.28
Leeds,E00058357,260,100.0,6.37
Leeds,E00058358,259,100.0,3.11
Leeds,E00058359,266,100.0,2.05
Leeds,E00058360,245,100.0,2.46
Leeds,E00058361,293,100.0,8.10
Leeds,E00058362,296,100.0,5.68
Leeds,E00058363,269,100.0,60.23
Leeds,E00058364,390,100.0,6.43
Leeds,E00058365,309,100.0,4.72
Leeds,E00058366,289,100.0,332.39
Leeds,E00058367,322,100.0,147.30
Leeds,E00058368,273,100.0,10.95
Leeds,E00058369,368,100.0,10.00
Leeds,E00058370,230,100.0,3.15
Leeds,E00058371,330,100.0,8.18
Leeds,E00058372,318,100.0,4.63
Leeds,E00058373,274,100.0,3.62
Leeds,E00058374,285,100.0,4.08
Leeds,E00058375,281,100.0,7.71
Leeds,E00058376,283,100.0,6.95
Leeds,E00058377,169,100.0,1.65
Leeds,E00058378,272,100.0,4.97
Leeds,E00058379,197,100.0,3.00
Leeds,E00058380,281,100.0,19.06
Leeds,E00058381,302,100.0,11.71
Leeds,E00058382,284,100.0,13.17
Leeds,E00058383,577,100.0,63.78
Leeds,E00058384,349,100.0,246.30
Leeds,E00058385,252,100.0,12.47
Leeds,E00058386,520,100.0,40.55
Leeds,E00058387,319,100.0,6.64
Leeds,E00058388,316,100.0,11.44
Leeds,E00058389,327,100.0,6.81
Leeds,E00058390,367,100.0,5.93
Leeds,E00058391,385,100.0,43.00
Leeds,E00058392,334,100.0,4.13
Leeds,E00058393,241,100.0,3.55
Leeds,E00058394,246,100.0,2.95
Leeds,E00058395,362,100.0,8.02
Leeds,E00058396,381,100.0,8.76
Leeds,E00058397,395,100.0,11.63
Leeds,E00058398,332,100.0,4.04
Leeds,E00058399,373,100.0,13.37
Leeds,E00058400,313,100.0,5.28
Leeds,E00058401,351,100.0,6.04
Leeds,E00058402,327,100.0,13.37
Leeds,E00058403,254,100.0,72.35
Leeds,E00058404,344,100.0,5.39
Leeds,E00058405,268,100.0,23.11
Leeds,E00058406,270,100.0,26.40
Leeds,E00058407,458,100.0,7.57
Leeds,E00058408,273,100.0,6.36
Leeds,E00058409,318,100.0,32.03
Leeds,E00058410,256,100.0,2.58
Leeds,E00058411,309,100.0,4.99
Leeds,E00058412,299,100.0,10.37
Leeds,E00058413,285,100.0,7.22
Leeds,E00058414,274,100.0,6.35
Leeds,E00058415,351,100.0,35.65
Leeds,E00058416,453,100.0,36.76
Leeds,E00058417,277,100.0,26.01
Leeds,E00058418,325,100.0,17.06
Leeds,E00058419,307,100.0,3.71
Leeds,E00058420,234,100.0,1.79
Leeds,E00058421,300,100.0,6.18
Leeds,E00058422,295,100.0,9.47
Leeds,E00058423,300,100.0,30.87
Leeds,E00058424,235,100.0,3.24
Leeds,E00058425,200,100.0,8.04
Leeds,E00058426,381,100.0,21.57
Leeds,E00058427,333,100.0,5.48
Leeds,E00058428,305,100.0,5.63
Leeds,E00058429,291,100.0,15.08
Leeds,E00058430,339,100.0,4.80
Leeds,E00058431,266,100.0,30.80
Leeds,E00058432,219,100.0,4.11
Leeds,E00058433,280,100.0,14.29
Leeds,E00058434,310,100.0,7.38
Leeds,E00058435,282,100.0,8.45
Leeds,E00058436,276,100.0,3.63
Leeds,E00058437,226,100.0,2.04
Leeds,E00058438,266,100.0,3.94
Leeds,E00058439,221,100.0,2.05
Leeds,E00058440,266,100.0,5.01
Leeds,E00058441,343,100.0,212.97
Leeds,E00058442,278,100.0,7.95
Leeds,E00058443,282,100.0,6.41
Leeds,E00058444,357,100.0,5.47
Leeds,E00058445,319,100.0,8.61
Leeds,E00058446,291,100.0,3.57
Leeds,E00058447,376,100.0,225.32
Leeds,E00058448,234,100.0,4.15
Leeds,E00058449,373,100.0,70.89
Leeds,E00058450,282,100.0,10.42
Leeds,E00058451,260,100.0,3.37
Leeds,E00058452,378,100.0,37.29
Leeds,E00058453,389,100.0,17.82
Leeds,E00058454,378,100.0,7.17
Leeds,E00058455,304,100.0,11.61
Leeds,E00058456,285,100.0,8.49
Leeds,E00058457,282,100.0,7.67
Leeds,E00058458,537,100.0,8.69
Leeds,E00058459,211,100.0,5.40
Leeds,E00058460,208,100.0,3.11
Leeds,E00058461,251,100.0,5.52
Leeds,E00058462,275,100.0,5.26
Leeds,E00058463,272,100.0,4.79
Leeds,E00058464,308,100.0,5.01
Leeds,E00058465,314,100.0,4.18
Leeds,E00058466,184,100.0,7.37
Leeds,E00058467,281,100.0,48.89
Leeds,E00058468,329,100.0,5.49
Leeds,E00058469,352,100.0,91.44
Leeds,E00058470,371,100.0,9.12
Leeds,E00058471,272,100.0,5.70
Leeds,E00058472,356,100.0,4.74
Leeds,E00058473,312,100.0,4.56
Leeds,E00058474,297,100.0,5.25
Leeds,E00058475,323,100.0,8.75
Leeds,E00058476,292,100.0,15.96
Leeds,E00058477,294,100.0,8.53
Leeds,E00058478,386,100.0,6.30
Leeds,E00058479,309,100.0,24.65
Leeds,E00058480,292,100.0,17.97
Leeds,E00058481,263,100.0,27.09
Leeds,E00058482,323,100.0,6.66
Leeds,E00058484,272,100.0,12.57
Leeds,E00058485,278,100.0,10.90
Leeds,E00058486,398,100.0,6.15
Leeds,E00058487,309,100.0,5.04
Leeds,E00058488,350,100.0,5.00
Leeds,E00058489,305,100.0,5.46
Leeds,E00058490,372,100.0,9.90
Leeds,E00058491,324,100.0,9.98
Leeds,E00058492,375,100.0,7.03
Leeds,E00058493,267,100.0,3.55
Leeds,E00058494,181,100.0,2.81
Leeds,E00058495,267,100.0,7.19
Leeds,E00058496,295,100.0,4.36
Leeds,E00058497,378,100.0,148.06
Leeds,E00058498,326,100.0,7.94
Leeds,E00058499,288,100.0,21.49
Leeds,E00058500,310,100.0,9.73
Leeds,E00058501,301,100.0,5.82
Leeds,E00058502,293,100.0,67.27
Leeds,E00058503,287,100.0,4.91
Leeds,E00058504,342,100.0,5.37
Leeds,E00058505,273,100.0,6.92
Leeds,E00058506,314,100.0,4.87
Leeds,E00058507,326,100.0,5.44
Leeds,E00058508,284,100.0,35.22
Leeds,E00058509,227,100.0,1.78
Leeds,E00058510,252,100.0,5.51
Leeds,E00058511,344,100.0,5.11
Leeds,E00058512,349,100.0,6.87
Leeds,E00058513,283,100.0,3.45
Leeds,E00058514,272,100.0,14.22
Leeds,E00058515,250,100.0,4.30
Leeds,E00058516,214,100.0,3.21
Leeds,E00058517,350,100.0,7.32
Leeds,E00058518,236,100.0,12.94
Leeds,E00058519,210,100.0,7.25
Leeds,E00058520,203,100.0,4.26
Leeds,E00058521,289,100.0,4.21
Leeds,E00058522,250,100.0,3.61
Leeds,E00058523,257,100.0,10.49
Leeds,E00058524,213,100.0,4.09
Leeds,E00058525,265,100.0,4.61
Leeds,E00058526,305,100.0,10.20
Leeds,E00058527,338,100.0,26.64
Leeds,E00058528,242,100.0,3.74
Leeds,E00058529,278,100.0,6.39
Leeds,E00058530,173,100.0,2.90
Leeds,E00058531,249,100.0,4.33
Leeds,E00058532,240,100.0,3.32
Leeds,E00058533,294,100.0,5.40
Leeds,E00058534,213,100.0,4.14
Leeds,E00058535,299,100.0,10.56
Leeds,E00058536,266,100.0,5.96
Leeds,E00058537,290,100.0,6.30
Leeds,E00058538,321,100.0,13.83
Leeds,E00058539,293,100.0,4.02
Leeds,E00058540,272,100.0,3.86
Leeds,E00058541,323,100.0,6.30
Leeds,E00058543,248,100.0,5.62
Leeds,E00058544,587,100.0,6.28
Leeds,E00058545,277,100.0,235.10
Leeds,E00058546,165,100.0,3.61
Leeds,E00058547,308,100.0,8.80
Leeds,E00058548,387,100.0,10.69
Leeds,E00058549,334,100.0,6.41
Leeds,E00058550,269,100.0,8.65
Leeds,E00058551,377,100.0,7.50
Leeds,E00058552,356,100.0,6.27
Leeds,E00058554,255,100.0,2.57
Leeds,E00058555,448,100.0,11.52
Leeds,E00058556,268,100.0,2.64
Leeds,E00058557,242,100.0,1.80
Leeds,E00058558,384,100.0,10.03
Leeds,E00058559,289,100.0,2.35
Leeds,E00058561,256,100.0,13.72
Leeds,E00058562,263,100.0,5.56
Leeds,E00058563,252,100.0,8.45
Leeds,E00058564,437,100.0,294.74
Leeds,E00058565,195,100.0,4.89
Leeds,E00058566,299,100.0,5.46
Leeds,E00058567,333,100.0,3.04
Leeds,E00058568,259,100.0,1.41
Leeds,E00058571,397,100.0,5.79
Leeds,E00058572,470,100.0,9.40
Leeds,E00058573,302,100.0,6.96
Leeds,E00058574,314,100.0,2.17
Leeds,E00058575,173,100.0,19.55
Leeds,E00058576,297,100.0,3.16
Leeds,E00058577,298,100.0,9.05
Leeds,E00058578,275,100.0,1.36
Leeds,E00058579,230,100.0,4.32
Leeds,E00058580,316,100.0,4.22
Leeds,E00058581,295,100.0,5.18
Leeds,E00058583,167,100.0,4.45
Leeds,E00058585,240,100.0,39.86
Leeds,E00058586,174,100.0,1.46
Leeds,E00058587,198,100.0,1.40
Leeds,E00058588,319,100.0,9.84
Leeds,E00058589,317,100.0,5.78
Leeds,E00058590,336,100.0,6.90
Leeds,E00058591,229,100.0,4.47
Leeds,E00058592,329,100.0,6.32
Leeds,E00058593,306,100.0,3.11
Leeds,E00058594,302,100.0,5.47
Leeds,E00058595,278,100.0,4.04
Leeds,E00058596,291,100.0,2.29
Leeds,E00058597,357,100.0,10.63
Leeds,E00058598,233,100.0,1.14
Leeds,E00058599,295,100.0,1.71
Leeds,E00058600,267,100.0,3.19
Leeds,E00058601,345,100.0,7.79
Leeds,E00058602,276,100.0,4.62
Leeds,E00058603,248,100.0,4.56
Leeds,E00058604,270,100.0,8.19
Leeds,E00058605,316,100.0,33.53
Leeds,E00058606,350,100.0,5.97
Leeds,E00058607,406,100.0,49.09
Leeds,E00058608,369,100.0,5.55
Leeds,E00058609,398,100.0,7.41
Leeds,E00058610,351,100.0,17.84
Leeds,E00058611,382,100.0,7.02
Leeds,E00058612,282,100.0,5.72
Leeds,E00058613,312,100.0,15.68
Leeds,E00058614,290,100.0,5.68
Leeds,E00058616,321,100.0,8.51
Leeds,E00058618,322,100.0,13.68
Leeds,E00058619,284,100.0,4.76
Leeds,E00058620,293,100.0,5.39
Leeds,E00058621,254,100.0,4.09
Leeds,E00058622,228,100.0,7.41
Leeds,E00058623,311,100.0,32.21
Leeds,E00058624,254,100.0,4.50
Leeds,E00058625,292,100.0,8.46
Leeds,E00058626,254,100.0,7.51
Leeds,E00058627,202,100.0,18.56
Leeds,E00058628,308,100.0,11.48
Leeds,E00058629,269,100.0,16.62
Leeds,E00058630,344,100.0,6.96
Leeds,E00058631,235,100.0,5.05
Leeds,E00058632,264,100.0,10.22
Leeds,E00058633,336,100.0,17.55
Leeds,E00058634,232,100.0,3.49
Leeds,E00058635,259,100.0,60.09
Leeds,E00058636,284,100.0,7.57
Leeds,E00058637,295,100.0,24.84
Leeds,E00058638,282,100.0,14.71
Leeds,E00058639,355,100.0,69.63
Leeds,E00058640,344,100.0,58.45
Leeds,E00058641,498,100.0,918.08
Leeds,E00058642,296,100.0,70.41
Leeds,E00058643,294,100.0,262.83
Leeds,E00058644,250,100.0,9.82
Leeds,E00058646,268,100.0,3.00
Leeds,E00058647,289,100.0,4.99
Leeds,E00058648,288,100.0,4.99
Leeds,E00058649,320,100.0,5.43
Leeds,E00058650,259,100.0,6.28
Leeds,E00058651,286,100.0,4.14
Leeds,E00058652,417,100.0,40.26
Leeds,E00058653,305,100.0,8.10
Leeds,E00058654,286,100.0,3.43
Leeds,E00058655,166,100.0,2.62
Leeds,E00058656,280,100.0,4.67
Leeds,E00058657,255,100.0,6.83
Leeds,E00058658,253,100.0,4.41
Leeds,E00058659,263,100.0,5.03
Leeds,E00058660,277,100.0,4.13
Leeds,E00058661,251,100.0,4.23
Leeds,E00058662,252,100.0,6.80
Leeds,E00058663,272,100.0,3.57
Leeds,E00058664,318,100.0,4.91
Leeds,E00058665,287,100.0,6.20
Leeds,E00058666,257,100.0,4.38
Leeds,E00058667,174,100.0,2.54
Leeds,E00058668,381,100.0,18.73
Leeds,E00058669,335,100.0,4.80
Leeds,E00058670,302,100.0,8.74
Leeds,E00058671,400,100.0,32.44
Leeds,E00058672,373,100.0,48.25
Leeds,E00058673,312,100.0,6.36
Leeds,E00058674,210,100.0,54.11
Leeds,E00058675,286,100.0,8.89
Leeds,E00058676,304,100.0,8.24
Leeds,E00058677,325,100.0,5.94
Leeds,E00058678,387,100.0,5.28
Leeds,E00058679,600,100.0,7.23
Leeds,E00058680,291,100.0,5.50
Leeds,E00058681,415,100.0,9.24
Leeds,E00058682,426,100.0,6.57
Leeds,E00058683,222,100.0,10.29
Leeds,E00058684,333,100.0,8.39
Leeds,E00058685,327,100.0,2.87
Leeds,E00058686,404,100.0,225.07
Leeds,E00058687,308,100.0,6.87
Leeds,E00058688,292,100.0,5.44
Leeds,E00058689,353,100.0,7.39
Leeds,E00058690,324,100.0,6.92
Leeds,E00058691,348,100.0,7.01
Leeds,E00058692,288,100.0,8.26
Leeds,E00058693,345,100.0,8.49
Leeds,E00058694,241,100.0,20.38
Leeds,E00058695,239,100.0,5.78
Leeds,E00058696,253,100.0,16.18
Leeds,E00058697,211,100.0,7.92
Leeds,E00058698,352,100.0,10.35
Leeds,E00058699,370,100.0,11.85
Leeds,E00058700,273,100.0,7.14
Leeds,E00058701,392,100.0,7.65
Leeds,E00058702,269,100.0,5.37
Leeds,E00058703,368,100.0,16.53
Leeds,E00058704,355,100.0,9.97
Leeds,E00058705,163,100.0,0.99
Leeds,E00058706,236,100.0,6.36
Leeds,E00058707,336,100.0,7.11
Leeds,E00058708,372,100.0,12.81
Leeds,E00058709,317,100.0,4.98
Leeds,E00058710,285,100.0,6.77
Leeds,E00058711,276,100.0,6.03
Leeds,E00058712,309,100.0,7.20
Leeds,E00058713,310,100.0,7.85
Leeds,E00058714,366,100.0,9.41
Leeds,E00058715,409,100.0,7.65
Leeds,E00058716,386,100.0,4.49
Leeds,E00058717,453,100.0,6.54
Leeds,E00058718,348,100.0,5.54
Leeds,E00058719,433,100.0,5.42
Leeds,E00058720,464,100.0,5.65
Leeds,E00058721,323,100.0,36.85
Leeds,E00058722,209,100.0,10.30
Leeds,E00058723,309,100.0,5.47
Leeds,E00058724,305,100.0,6.57
Leeds,E00058725,212,100.0,10.67
Leeds,E00058726,213,100.0,3.95
Leeds,E00058727,317,100.0,5.68
Leeds,E00058728,179,100.0,2.94
Leeds,E00058729,272,100.0,25.91
Leeds,E00058730,240,100.0,6.57
Leeds,E00058731,279,100.0,8.34
Leeds,E00058732,321,100.0,6.10
Leeds,E00058733,268,100.0,6.42
Leeds,E00058734,383,100.0,54.91
Leeds,E00058735,228,100.0,26.29
Leeds,E00058736,333,100.0,31.86
Leeds,E00058737,114,100.0,127.75
Leeds,E00058738,258,100.0,14.53
Leeds,E00058739,246,100.0,9.54
Leeds,E00058740,287,100.0,41.03
Leeds,E00058741,155,100.0,4.72
Leeds,E00058742,320,100.0,5.00
Leeds,E00058743,308,100.0,8.69
Leeds,E00058744,461,100.0,4.27
Leeds,E00058745,317,100.0,3.35
Leeds,E00058746,325,100.0,4.23
Leeds,E00058747,307,100.0,4.18
Leeds,E00058748,252,100.0,3.13
Leeds,E00058749,348,100.0,17.54
Leeds,E00058750,236,100.0,6.57
Leeds,E00058751,169,100.0,4.00
Leeds,E00058752,263,100.0,3.14
Leeds,E00058753,379,100.0,9.20
Leeds,E00058754,267,100.0,6.94
Leeds,E00058755,325,100.0,6.80
Leeds,E00058756,227,100.0,10.15
Leeds,E00058757,253,100.0,6.41
Leeds,E00058759,260,100.0,4.23
Leeds,E00058760,175,100.0,2.98
Leeds,E00058761,198,100.0,8.59
Leeds,E00058762,356,100.0,19.96
Leeds,E00058764,307,100.0,5.44
Leeds,E00058765,291,100.0,6.73
Leeds,E00058766,408,100.0,4.95
Leeds,E00058767,310,100.0,6.46
Leeds,E00058768,248,100.0,8.44
Leeds,E00058769,441,100.0,12.56
Leeds,E00058770,264,100.0,6.24
Leeds,E00058771,336,100.0,4.42
Leeds,E00058772,246,100.0,5.37
Leeds,E00058773,217,100.0,6.87
Leeds,E00058774,241,100.0,13.03
Leeds,E00058775,300,100.0,2.93
Leeds,E00058776,351,100.0,8.61
Leeds,E00058777,242,100.0,4.88
Leeds,E00058778,265,100.0,19.15
Leeds,E00058779,284,100.0,9.40
Leeds,E00058780,345,100.0,5.58
Leeds,E00058781,306,100.0,7.83
Leeds,E00058782,293,100.0,6.20
Leeds,E00058783,290,100.0,6.35
Leeds,E00058784,298,100.0,6.16
Leeds,E00058785,210,100.0,2.67
Leeds,E00058786,214,100.0,13.44
Leeds,E00058787,264,100.0,7.11
Leeds,E00058788,248,100.0,3.27
Leeds,E00058789,270,100.0,12.19
Leeds,E00058790,270,100.0,3.53
Leeds,E00058791,286,100.0,6.13
Leeds,E00058792,324,100.0,8.55
Leeds,E00058793,286,100.0,5.02
Leeds,E00058794,279,100.0,14.98
Leeds,E00058795,279,100.0,5.30
Leeds,E00058796,248,100.0,5.14
Leeds,E00058797,247,100.0,6.95
Leeds,E00058798,241,100.0,6.23
Leeds,E00058799,291,100.0,17.97
Leeds,E00058800,263,100.0,1.27
Leeds,E00058801,278,100.0,5.14
Leeds,E00058802,164,100.0,1.54
Leeds,E00058803,186,100.0,3.05
Leeds,E00058805,350,100.0,1.62
Leeds,E00058806,382,100.0,1.99
Leeds,E00058807,323,100.0,2.40
Leeds,E00058808,441,100.0,2.27
Leeds,E00058809,383,100.0,16.34
Leeds,E00058810,424,100.0,3.80
Leeds,E00058811,292,100.0,2.33
Leeds,E00058812,408,100.0,2.73
Leeds,E00058813,222,100.0,5.35
Leeds,E00058814,228,100.0,4.14
Leeds,E00058815,218,100.0,3.96
Leeds,E00058816,310,100.0,4.62
Leeds,E00058817,479,100.0,7.48
Leeds,E00058818,303,100.0,1.93
Leeds,E00058821,391,100.0,2.83
Leeds,E00058823,221,100.0,6.18
Leeds,E00058826,274,100.0,0.91
Leeds,E00058827,157,100.0,1.28
Leeds,E00058828,259,100.0,4.30
Leeds,E00058829,141,100.0,11.26
Leeds,E00058830,154,100.0,2.34
Leeds,E00058831,141,100.0,0.53
Leeds,E00058832,295,100.0,4.31
Leeds,E00058833,179,100.0,0.90
Leeds,E00058834,201,100.0,1.93
Leeds,E00058836,162,100.0,2.01
Leeds,E00058837,268,100.0,21.97
Leeds,E00058838,337,100.0,1.78
Leeds,E00058839,144,100.0,2.66
Leeds,E00058840,247,100.0,4.94
Leeds,E00058842,355,100.0,12.35
Leeds,E00058843,215,100.0,21.62
Leeds,E00058844,249,100.0,3.43
Leeds,E00058847,242,100.0,6.80
Leeds,E00058849,280,100.0,1.90
Leeds,E00058850,252,100.0,2.94
Leeds,E00058851,179,100.0,3.08
Leeds,E00058852,231,100.0,1.93
Leeds,E00058853,257,100.0,2.17
Leeds,E00058854,356,100.0,7.67
Leeds,E00058855,519,100.0,9.60
Leeds,E00058856,454,100.0,12.47
Leeds,E00058858,291,100.0,9.42
Leeds,E00058859,134,100.0,4.74
Leeds,E00058861,166,100.0,5.21
Leeds,E00058862,274,100.0,3.58
Leeds,E00058864,333,100.0,1.83
Leeds,E00058865,295,100.0,11.50
Leeds,E00058866,"1,018",100.0,11.88
Leeds,E00058867,142,100.0,1.70
Leeds,E00058869,185,100.0,0.35
Leeds,E00058870,318,100.0,2.28
Leeds,E00058871,135,100.0,0.43
Leeds,E00058872,354,100.0,11.68
Leeds,E00058873,163,100.0,0.87
Leeds,E00058874,240,100.0,15.58
Leeds,E00058875,134,100.0,0.18
Leeds,E00058876,200,100.0,0.90
Leeds,E00058877,321,100.0,8.25
Leeds,E00058878,245,100.0,2.77
Leeds,E00058879,284,100.0,1.95
Leeds,E00058880,296,100.0,1.39
Leeds,E00058881,587,100.0,4.09
Leeds,E00058884,127,100.0,0.50
Leeds,E00058885,222,100.0,15.98
Leeds,E00058887,365,100.0,5.78
Leeds,E00058889,233,100.0,3.28
Leeds,E00058890,228,100.0,5.01
Leeds,E00058891,207,100.0,4.85
Leeds,E00058892,131,100.0,3.43
Leeds,E00058893,271,100.0,2.27
Leeds,E00058894,336,100.0,5.60
Leeds,E00058895,210,100.0,3.28
Leeds,E00058896,305,100.0,4.43
Leeds,E00058897,320,100.0,4.66
Leeds,E00058898,326,100.0,7.24
Leeds,E00058899,"1,198",100.0,31.13
Leeds,E00058900,309,100.0,16.36
Leeds,E00058902,547,100.0,11.96
Leeds,E00058903,297,100.0,14.67
Leeds,E00058904,403,100.0,6.03
Leeds,E00058905,208,100.0,4.04
Leeds,E00058906,258,100.0,3.37
Leeds,E00058907,364,100.0,6.82
Leeds,E00058909,174,100.0,3.36
Leeds,E00058910,281,100.0,10.50
Leeds,E00058911,357,100.0,5.50
Leeds,E00058912,305,100.0,9.78
Leeds,E00058913,137,100.0,2.00
Leeds,E00058914,299,100.0,3.99
Leeds,E00058915,182,100.0,8.03
Leeds,E00058917,300,100.0,5.96
Leeds,E00058918,229,100.0,3.46
Leeds,E00058919,380,100.0,24.31
Leeds,E00058920,129,100.0,2.23
Leeds,E00058921,226,100.0,3.34
Leeds,E00058922,189,100.0,4.09
Leeds,E00058923,252,100.0,2.88
Leeds,E00058924,246,100.0,5.79
Leeds,E00058925,233,100.0,3.10
Leeds,E00058926,388,100.0,3.95
Leeds,E00058927,200,100.0,3.04
Leeds,E00058928,266,100.0,3.24
Leeds,E00058929,234,100.0,3.58
Leeds,E00058930,216,100.0,5.79
Leeds,E00058931,307,100.0,3.44
Leeds,E00058932,303,100.0,8.09
Leeds,E00058933,281,100.0,6.89
Leeds,E00058934,266,100.0,15.03
Leeds,E00058935,216,100.0,5.13
Leeds,E00058936,240,100.0,4.19
Leeds,E00058937,305,100.0,7.69
Leeds,E00058938,245,100.0,5.84
Leeds,E00058939,190,100.0,41.33
Leeds,E00058940,173,100.0,4.32
Leeds,E00058941,231,100.0,4.85
Leeds,E00058942,292,100.0,6.39
Leeds,E00058943,197,100.0,14.89
Leeds,E00058944,277,100.0,19.56
Leeds,E00058945,336,100.0,6.42
Leeds,E00058947,348,100.0,24.52
Leeds,E00058948,238,100.0,11.31
Leeds,E00058949,291,100.0,7.03
Leeds,E00058950,367,100.0,7.92
Leeds,E00058951,267,100.0,27.52
Leeds,E00058952,260,100.0,5.74
Leeds,E00058953,236,100.0,4.08
Leeds,E00058954,271,100.0,3.95
Leeds,E00058955,281,100.0,4.15
Leeds,E00058956,165,100.0,2.78
Leeds,E00058957,363,100.0,37.19
Leeds,E00058958,198,100.0,8.08
Leeds,E00058959,293,100.0,4.69
Leeds,E00058960,228,100.0,4.01
Leeds,E00058961,345,100.0,35.29
Leeds,E00058962,343,100.0,60.13
Leeds,E00058963,339,100.0,435.37
Leeds,E00058964,360,100.0,85.42
Leeds,E00058965,456,100.0,400.71
Leeds,E00058966,322,100.0,36.80
Leeds,E00058967,360,100.0,57.82
Leeds,E00058968,367,100.0,11.82
Leeds,E00058969,236,100.0,28.61
Leeds,E00058970,273,100.0,22.75
Leeds,E00058971,330,100.0,16.89
Leeds,E00058972,299,100.0,21.59
Leeds,E00058973,292,100.0,11.25
Leeds,E00058974,258,100.0,9.12
Leeds,E00058975,275,100.0,88.43
Leeds,E00058976,316,100.0,17.28
Leeds,E00058977,287,100.0,96.21
Leeds,E00058978,310,100.0,6.24
Leeds,E00058979,262,100.0,4.65
Leeds,E00058980,251,100.0,7.53
Leeds,E00058981,323,100.0,13.47
Leeds,E00058982,291,100.0,21.86
Leeds,E00058983,268,100.0,12.93
Leeds,E00058984,310,100.0,110.85
Leeds,E00058985,167,100.0,"1,812.68"
Leeds,E00058986,305,100.0,11.41
Leeds,E00058987,309,100.0,4.83
Leeds,E00058988,256,100.0,4.56
Leeds,E00058989,381,100.0,108.00
Leeds,E00058990,272,100.0,64.35
Leeds,E00058991,260,100.0,110.27
Leeds,E00058992,262,100.0,8.18
Leeds,E00058993,231,100.0,3.36
Leeds,E00058994,378,100.0,52.39
Leeds,E00058995,349,100.0,539.67
Leeds,E00058996,327,100.0,129.53
Leeds,E00058997,295,100.0,16.04
Leeds,E00058998,334,100.0,268.37
Leeds,E00058999,235,100.0,57.20
Leeds,E00059000,247,100.0,46.62
Leeds,E00059001,284,100.0,10.34
Leeds,E00059002,323,100.0,21.26
Leeds,E00059003,219,100.0,7.12
Leeds,E00059004,259,100.0,44.01
Leeds,E00059005,353,100.0,440.63
Leeds,E00059006,283,100.0,10.88
Leeds,E00059007,251,100.0,29.91
Leeds,E00059008,311,100.0,73.69
Leeds,E00059010,225,100.0,653.89
Leeds,E00059011,345,100.0,8.69
Leeds,E00059012,278,100.0,7.05
Leeds,E00059013,346,100.0,7.95
Leeds,E00059014,324,100.0,22.86
Leeds,E00059015,452,100.0,14.62
Leeds,E00059016,295,100.0,23.40
Leeds,E00059017,215,100.0,9.15
Leeds,E00059018,294,100.0,4.17
Leeds,E00059019,281,100.0,8.37
Leeds,E00059020,302,100.0,9.76
Leeds,E00059021,269,100.0,5.28
Leeds,E00059022,294,100.0,5.75
Leeds,E00059023,295,100.0,6.80
Leeds,E00059024,308,100.0,10.36
Leeds,E00059025,512,100.0,55.66
Leeds,E00059026,248,100.0,4.16
Leeds,E00059027,196,100.0,4.39
Leeds,E00059028,269,100.0,5.51
Leeds,E00059029,237,100.0,7.27
Leeds,E00059030,281,100.0,12.05
Leeds,E00059031,276,100.0,11.81
Leeds,E00059032,317,100.0,5.91
Leeds,E00059033,233,100.0,6.27
Leeds,E00059034,250,100.0,7.47
Leeds,E00059035,187,100.0,1.64
Leeds,E00059036,281,100.0,31.44
Leeds,E00059037,267,100.0,8.73
Leeds,E00059038,284,100.0,10.32
Leeds,E00059039,245,100.0,8.79
Leeds,E00059040,326,100.0,5.56
Leeds,E00059041,238,100.0,7.50
Leeds,E00059042,283,100.0,4.67
Leeds,E00059043,183,100.0,9.89
Leeds,E00059044,305,100.0,9.57
Leeds,E00059045,286,100.0,24.97
Leeds,E00059047,176,100.0,4.85
Leeds,E00059048,284,100.0,3.06
Leeds,E00059049,292,100.0,4.74
Leeds,E00059050,338,100.0,3.42
Leeds,E00059051,428,100.0,7.11
Leeds,E00059052,268,100.0,3.83
Leeds,E00059053,258,100.0,4.54
Leeds,E00059054,358,100.0,19.38
Leeds,E00059055,302,100.0,4.14
Leeds,E00059056,261,100.0,4.26
Leeds,E00059057,332,100.0,24.86
Leeds,E00059058,262,100.0,5.29
Leeds,E00059059,295,100.0,4.70
Leeds,E00059060,304,100.0,6.17
Leeds,E00059061,203,100.0,7.45
Leeds,E00059062,238,100.0,9.61
Leeds,E00059063,328,100.0,6.32
Leeds,E00059064,337,100.0,25.10
Leeds,E00059065,330,100.0,5.80
Leeds,E00059066,246,100.0,2.58
Leeds,E00059067,232,100.0,2.81
Leeds,E00059068,323,100.0,22.59
Leeds,E00059069,292,100.0,3.10
Leeds,E00059070,261,100.0,10.40
Leeds,E00059071,289,100.0,4.17
Leeds,E00059072,312,100.0,14.06
Leeds,E00059073,292,100.0,20.77
Leeds,E00059074,249,100.0,12.98
Leeds,E00059075,255,100.0,28.98
Leeds,E00059076,301,100.0,24.40
Leeds,E00059077,198,100.0,1.36
Leeds,E00059078,209,100.0,7.28
Leeds,E00059079,125,100.0,2.99
Leeds,E00059080,312,100.0,3.65
Leeds,E00059081,324,100.0,3.62
Leeds,E00059082,449,100.0,52.31
Leeds,E00059083,307,100.0,3.82
Leeds,E00059084,294,100.0,5.62
Leeds,E00059085,250,100.0,5.48
Leeds,E00059086,246,100.0,5.60
Leeds,E00059087,290,100.0,3.24
Leeds,E00059088,319,100.0,7.16
Leeds,E00059089,323,100.0,4.11
Leeds,E00059090,400,100.0,5.75
Leeds,E00059091,314,100.0,5.74
Leeds,E00059092,360,100.0,9.69
Leeds,E00059093,234,100.0,3.51
Leeds,E00059094,328,100.0,80.83
Leeds,E00059095,267,100.0,4.87
Leeds,E00059096,310,100.0,3.59
Leeds,E00059097,294,100.0,6.04
Leeds,E00059098,127,100.0,100.54
Leeds,E00059099,225,100.0,9.37
Leeds,E00059100,252,100.0,48.01
Leeds,E00059101,265,100.0,48.71
Leeds,E00059102,350,100.0,465.28
Leeds,E00059103,323,100.0,13.17
Leeds,E00059104,293,100.0,41.65
Leeds,E00059105,264,100.0,12.08
Leeds,E00059106,338,100.0,5.28
Leeds,E00059107,332,100.0,6.89
Leeds,E00059108,316,100.0,9.91
Leeds,E00059109,343,100.0,5.45
Leeds,E00059110,279,100.0,5.66
Leeds,E00059111,318,100.0,14.51
Leeds,E00059112,309,100.0,4.11
Leeds,E00059113,276,100.0,6.54
Leeds,E00059114,239,100.0,2.87
Leeds,E00059115,302,100.0,4.26
Leeds,E00059116,231,100.0,4.61
Leeds,E00059117,297,100.0,4.07
Leeds,E00059118,288,100.0,4.46
Leeds,E00059119,282,100.0,7.00
Leeds,E00059120,301,100.0,12.78
Leeds,E00059121,295,100.0,4.32
Leeds,E00059122,299,100.0,4.05
Leeds,E00059123,321,100.0,12.99
Leeds,E00059124,433,100.0,23.35
Leeds,E00059125,485,100.0,12.38
Leeds,E00059126,284,100.0,5.55
Leeds,E00059127,194,100.0,2.11
Leeds,E00059128,271,100.0,17.48
Leeds,E00059129,406,100.0,8.29
Leeds,E00059130,328,100.0,4.74
Leeds,E00059131,281,100.0,11.59
Leeds,E00059132,217,100.0,5.38
Leeds,E00059133,207,100.0,4.41
Leeds,E00059134,313,100.0,7.04
Leeds,E00059135,280,100.0,2.99
Leeds,E00059136,210,100.0,2.60
Leeds,E00059137,277,100.0,4.34
Leeds,E00059138,181,100.0,4.89
Leeds,E00059139,299,100.0,4.50
Leeds,E00059140,277,100.0,5.02
Leeds,E00059141,289,100.0,77.16
Leeds,E00059142,261,100.0,14.63
Leeds,E00059143,270,100.0,4.77
Leeds,E00059144,288,100.0,5.63
Leeds,E00059146,268,100.0,6.09
Leeds,E00059147,216,100.0,4.94
Leeds,E00059148,242,100.0,3.77
Leeds,E00059149,327,100.0,4.25
Leeds,E00059150,281,100.0,8.14
Leeds,E00059151,282,100.0,4.90
Leeds,E00059152,307,100.0,18.61
Leeds,E00059153,286,100.0,6.06
Leeds,E00059154,250,100.0,63.04
Leeds,E00059155,227,100.0,7.18
Leeds,E00059156,295,100.0,2.45
Leeds,E00059157,129,100.0,126.34
Leeds,E00059158,225,100.0,1.45
Leeds,E00059159,236,100.0,24.13
Leeds,E00059160,274,100.0,4.22
Leeds,E00059161,269,100.0,236.69
Leeds,E00059163,233,100.0,15.77
Leeds,E00059164,205,100.0,2.52
Leeds,E00059165,290,100.0,13.54
Leeds,E00059166,269,100.0,3.92
Leeds,E00059167,209,100.0,3.72
Leeds,E00059168,276,100.0,7.40
Leeds,E00059169,249,100.0,47.25
Leeds,E00059170,201,100.0,91.27
Leeds,E00059171,307,100.0,11.15
Leeds,E00059172,197,100.0,2.52
Leeds,E00059173,179,100.0,1.23
Leeds,E00059174,295,100.0,6.92
Leeds,E00059175,252,100.0,6.43
Leeds,E00059176,367,100.0,5.31
Leeds,E00059177,329,100.0,18.57
Leeds,E00059178,300,100.0,6.99
Leeds,E00059179,363,100.0,4.82
Leeds,E00059180,298,100.0,6.42
Leeds,E00059181,248,100.0,1.11
Leeds,E00059182,254,100.0,6.20
Leeds,E00059183,290,100.0,4.22
Leeds,E00059184,259,100.0,4.08
Leeds,E00059185,298,100.0,13.02
Leeds,E00059186,286,100.0,5.62
Leeds,E00059187,302,100.0,2.88
Leeds,E00059188,272,100.0,5.76
Leeds,E00165673,167,100.0,3.63
Leeds,E00165674,270,100.0,4.86
Leeds,E00165675,199,100.0,5.94
Leeds,E00165676,316,100.0,14.75
Leeds,E00165677,424,100.0,9.11
Leeds,E00165678,170,100.0,5.59
Leeds,E00165679,307,100.0,6.95
Leeds,E00165680,344,100.0,17.64
Leeds,E00165681,304,100.0,20.68
Leeds,E00165682,222,100.0,6.81
Leeds,E00165683,290,100.0,6.75
Leeds,E00165684,352,100.0,8.86
Leeds,E00165685,219,100.0,3.58
Leeds,E00165686,253,100.0,5.36
Leeds,E00165687,339,100.0,5.97
Leeds,E00165688,157,100.0,13.39
Leeds,E00165689,149,100.0,5.52
Leeds,E00165690,311,100.0,12.42
Leeds,E00165691,511,100.0,94.20
Leeds,E00165692,272,100.0,3.74
Leeds,E00165693,317,100.0,65.10
Leeds,E00165694,236,100.0,4.21
Leeds,E00165695,396,100.0,39.34
Leeds,E00165696,245,100.0,349.42
Leeds,E00169576,210,100.0,4.82
Leeds,E00169578,220,100.0,9.85
Leeds,E00169579,285,100.0,7.10
Leeds,E00169581,293,100.0,4.58
Leeds,E00169583,630,100.0,68.33
Leeds,E00169584,230,100.0,5.09
Leeds,E00169586,240,100.0,1.64
Leeds,E00169587,319,100.0,6.24
Leeds,E00169589,239,100.0,23.79
Leeds,E00169590,306,100.0,4.94
Leeds,E00169592,260,100.0,5.69
Leeds,E00169593,228,100.0,13.13
Leeds,E00169595,139,100.0,2.16
Leeds,E00169597,585,100.0,51.90
Leeds,E00169598,182,100.0,2.91
Leeds,E00169600,305,100.0,39.29
Leeds,E00169601,"1,093",100.0,3.09
Leeds,E00169603,475,100.0,1.89
Leeds,E00169604,158,100.0,0.62
Leeds,E00169606,147,100.0,2.10
Leeds,E00169607,360,100.0,3.18
Leeds,E00169609,681,100.0,6.20
Leeds,E00169611,811,100.0,3.86
Leeds,E00169612,433,100.0,2.89
Leeds,E00169614,"2,741",100.0,19.66
Leeds,E00169615,926,100.0,9.46
Leeds,E00169617,434,100.0,7.13
Leeds,E00169618,301,100.0,6.11
Leeds,E00169620,426,100.0,2.20
Leeds,E00169621,215,100.0,6.25
Leeds,E00169623,267,100.0,6.86
Leeds,E00169625,200,100.0,7.71
Leeds,E00169626,462,100.0,1.94
Leeds,E00169628,361,100.0,0.95
Leeds,E00169629,301,100.0,1.26
Leeds,E00169738,315,100.0,5.86
Leeds,E00169739,484,100.0,1.87
Leeds,E00169740,319,100.0,3.88
Leeds,E00169741,314,100.0,2.59
Leeds,E00169742,251,100.0,3.78
Leeds,E00169743,617,100.0,6.45
Leeds,E00169744,217,100.0,4.29
Leeds,E00169745,217,100.0,1.38
Leeds,E00169746,519,100.0,13.74
Leeds,E00169747,465,100.0,1.07
Leeds,E00169748,536,100.0,3.88
Leeds,E00169749,329,100.0,6.94
Leeds,E00169750,277,100.0,2.86
Leeds,E00169751,193,100.0,3.37
Leeds,E00169752,126,100.0,1.38
Leeds,E00169753,270,100.0,1.56
Leeds,E00169754,224,100.0,9.38
Leeds,E00169755,352,100.0,6.50
Leeds,E00169780,214,100.0,3.07
Leeds,E00169782,126,100.0,32.10
Leeds,E00169783,242,100.0,8.33
Leeds,E00169785,"1,799",100.0,29.97
Leeds,E00169786,197,100.0,9.79
Leeds,E00169788,421,100.0,16.01
Leeds,E00169789,214,100.0,8.85
Leeds,E00169791,166,100.0,0.78
Leeds,E00169792,196,100.0,36.78
Leeds,E00169794,298,100.0,3.39
Leeds,E00169796,192,100.0,5.43
Leeds,E00169797,161,100.0,15.62
Leeds,E00169799,176,100.0,0.04
Leeds,E00169800,202,100.0,2.69
Leeds,E00169802,215,100.0,0.72
Leeds,E00169803,167,100.0,1.64
Leeds,E00169805,198,100.0,1.41
Leeds,E00169806,167,100.0,12.32
Leeds,E00169808,390,100.0,6.93
Leeds,E00169810,231,100.0,2.77
Leeds,E00169811,241,100.0,15.58
Leeds,E00169813,205,100.0,2.44
Leeds,E00169814,164,100.0,51.91
Leeds,E00169816,295,100.0,7.46
Leeds,E00169817,215,100.0,4.21
Leeds,E00170032,134,100.0,4.12
Leeds,E00170034,229,100.0,5.87
Leeds,E00170035,157,100.0,47.82
Leeds,E00170037,301,100.0,0.75
Leeds,E00170038,653,100.0,11.85
Leeds,E00170040,303,100.0,0.59
Leeds,E00170041,610,100.0,8.70
Leeds,E00170043,126,100.0,3.44
Leeds,E00170044,121,100.0,12.24
Leeds,E00170046,172,100.0,29.11
Leeds,E00170048,111,100.0,7.50
Leeds,E00170049,187,100.0,1.42
Leeds,E00170051,203,100.0,3.75
Leeds,E00170052,154,100.0,0.46
Leeds,E00170054,186,100.0,1.59
Leeds,E00170055,259,100.0,25.45
Leeds,E00170057,199,100.0,3.16
Leeds,E00170058,297,100.0,6.89
Leeds,E00170259,176,100.0,6.33
Leeds,E00170261,225,100.0,17.77
Leeds,E00170262,549,100.0,0.67
Leeds,E00170264,198,100.0,38.97
Leeds,E00170265,293,100.0,3.45
Leeds,E00170267,279,100.0,1.09
Leeds,E00170268,335,100.0,0.71
Leeds,E00170270,252,100.0,8.83
Leeds,E00170271,567,100.0,6.06
Leeds,E00170273,279,100.0,1.92
Leeds,E00170275,298,100.0,1.34
Leeds,E00170276,180,100.0,1.54
Leeds,E00170278,133,100.0,5.18
Leeds,E00170326,228,100.0,8.23
Leeds,E00170327,301,100.0,8.12
Leeds,E00170329,254,100.0,1.00
Leeds,E00170331,401,100.0,6.94
Leeds,E00170332,201,100.0,0.90
Leeds,E00170433,169,100.0,4.81
Leeds,E00170435,353,100.0,84.42
Leeds,E00170436,254,100.0,3.25
Leeds,E00170438,194,100.0,3.67
Leeds,E00170439,271,100.0,7.82
Leeds,E00170441,264,100.0,3.27
Leeds,E00170443,271,100.0,24.84
Leeds,E00170444,293,100.0,4.51
Leeds,E00170446,161,100.0,1.11
Leeds,E00170447,249,100.0,4.25
Leeds,E00170449,213,100.0,4.24
Leeds,E00170450,256,100.0,3.50
Leeds,E00170452,246,100.0,1.83
Leeds,E00170453,271,100.0,4.13
Leeds,E00170455,251,100.0,5.64
Leeds,E00170457,237,100.0,14.30
Leeds,E00170458,156,100.0,8.19
Leeds,E00170459,323,100.0,6.95
Leeds,E00170460,210,100.0,3.01
Leeds,E00170461,285,100.0,4.41
Leeds,E00170462,202,100.0,4.98
Leeds,E00170463,230,100.0,6.20
Leeds,E00170464,199,100.0,5.02
Leeds,E00170465,331,100.0,11.71
Leeds,E00170466,249,100.0,6.13
Leeds,E00170467,315,100.0,5.04
Leeds,E00170468,227,100.0,11.60
Leeds,E00170469,288,100.0,6.48
Leeds,E00170470,192,100.0,3.23
Leeds,E00170471,332,100.0,14.88
Leeds,E00170472,240,100.0,3.60
Leeds,E00170473,322,100.0,47.42
Leeds,E00170474,144,100.0,1.83
Leeds,E00170475,145,100.0,1.02
Leeds,E00170476,199,100.0,2.06
Leeds,E00170564,262,100.0,7.92
Leeds,E00170565,272,100.0,4.72
Leeds,E00170567,274,100.0,80.57
Leeds,E00170568,156,100.0,18.65
Leeds,E00170570,282,100.0,8.49
Leeds,E00170572,284,100.0,16.83
Leeds,E00170573,182,100.0,30.47
Leeds,E00170575,320,100.0,97.61
Leeds,E00170576,238,100.0,13.50
Leeds,E00170578,187,100.0,6.33
Leeds,E00170579,216,100.0,583.60
Leeds,E00170581,711,100.0,8.09
Leeds,E00170582,421,100.0,2.63
Leeds,E00170584,283,100.0,2.06
Leeds,E00170586,166,100.0,7.86
Leeds,E00170587,223,100.0,2.50
Leeds,E00170589,309,100.0,5.12
Leeds,E00170590,273,100.0,5.68
Leeds,E00170592,191,100.0,19.34
Leeds,E00170593,985,100.0,340.37
Leeds,E00170595,295,100.0,204.26
Leeds,E00170596,153,100.0,0.95
Leeds,E00170598,287,100.0,23.93
Leeds,E00170600,318,100.0,3.18
Leeds,E00170601,346,100.0,3.57
Leeds,E00170603,287,100.0,1.84
Leeds,E00170604,337,100.0,7.73
Leeds,E00170606,269,100.0,3.15
Leeds,E00170607,430,100.0,0.84
Leeds,E00170609,179,100.0,0.67
Leeds,E00170610,264,100.0,2.00
Leeds,E00170612,224,100.0,1.76
Leeds,E00170614,355,100.0,0.23
Leeds,E00170615,256,100.0,7.79
Leeds,E00170617,246,100.0,1.27
Leeds,E00170618,252,100.0,3.30
Leeds,E00170620,229,100.0,2.50
Leeds,E00170621,216,100.0,5.00
Leeds,E00170623,150,100.0,1.11
Leeds,E00170887,259,100.0,9.70
Leeds,E00170888,270,100.0,78.19
Leeds,E00170889,394,100.0,186.08
Leeds,E00170890,213,100.0,3.30
